{"x":[0,0.01,0.02,0.03,0.04,0.05,0.06,0.07,0.08,0.09,0.1,0.11,0.12,0.13,0.14,0.15,0.16,0.17,0.18,0.19,0.2,0.21,0.22,0.23,0.24,0.25,0.26,0.27,0.28,0.29,0.3,0.31,0.32,0.33,0.34,0.35,0.36,0.37,0.38,0.39,0.4,0.41,0.42,0.43,0.44,0.45,0.46,0.47,0.48,0.49,0.5,0.51,0.52,0.53,0.54,0.55,0.56,0.57,0.58,0.59,0.6,0.61,0.62,0.63,0.64,0.65,0.66,0.67,0.68,0.69,0.7,0.71,0.72,0.73,0.74,0.75,0.76,0.77,0.78,0.79,0.8,0.81,0.82,0.83,0.84,0.85,0.86,0.87,0.88,0.89,0.9,0.91,0.92,0.93,0.94,0.95,0.96,0.97,0.98,0.99],"y":[0.3536672685297986,0.40531996212519705,0.4569726557205956,0.508625349315994,0.5602780429113926,0.6119307365067911,0.6635834301021896,0.7152361236975882,0.7668888172929866,0.8185415108883851,0.8701942044837836,0.9218468980791821,0.9734995916745806,1.025152285269979,1.0768049788653777,1.128457672460776,1.1801103660561747,1.231763059651573,1.2834157532469717,1.33506844684237,1.3867211404377686,1.4383738340331669,1.4900265276285656,1.541679221223964,1.5933319148193625,1.644984608414761,1.6966373020101595,1.7482899956055582,1.7999426892009567,1.851595382796355,1.9032480763917534,1.954900769987152,2.0065534635825504,2.058206157177949,2.109858850773348,2.1615115443687456,2.2131642379641443,2.264816931559543,2.3164696251549417,2.36812231875034,2.4197750123457387,2.471427705941137,2.523080399536535,2.574733093131934,2.6263857867273326,2.678038480322731,2.7296911739181295,2.781343867513528,2.8329965611089265,2.8846492547043248,2.9363019482997235,2.987954641895122,3.0396073354905204,3.091260029085919,3.142912722681318,3.194565416276716,3.246218109872115,3.2978708034675126,3.3495234970629113,3.4011761906583096,3.4528288842537083,3.504481577849107,3.5561342714445052,3.607786965039904,3.6594396586353026,3.711092352230701,3.7627450458260996,3.8143977394214983,3.8660504330168965,3.917703126612295,3.969355820207693,4.021008513803092,4.0726612073984905,4.124313900993888,4.175966594589287,4.227619288184686,4.279271981780084,4.330924675375483,4.382577368970882,4.4342300625662805,4.485882756161679,4.537535449757078,4.589188143352475,4.6408408369478735,4.692493530543272,4.744146224138671,4.79579891773407,4.847451611329468,4.899104304924867,4.950756998520266,5.002409692115663,5.054062385711061,5.10571507930646,5.157367772901859,5.2090204664972575,5.260673160092656,5.312325853688055,5.363978547283454,5.4156312408788505,5.467283934474249]}