{"x":[0.08,0.09,0.1,0.11,0.12,0.13,0.14,0.15,0.16,0.17,0.18,0.19,0.2,0.21,0.22,0.23,0.24,0.25,0.26,0.27,0.28,0.29,0.3,0.31,0.32],"y":[0.6948383747714213,0.7652049950540153,0.8363919903669857,0.8996159922928538,0.9471203400704999,1.0361264487619464,1.0807113712656573,1.1493799290689959,1.217446199776347,1.275850440813845,1.319196895667924,1.3958121096715832,1.4238558810758566,1.4682908130015475,1.5368581397425451,1.558436102010603,1.6082076477667109,1.6726435911840907,1.7300287495945195,1.7332200221718093,1.7846428793332323,1.8088858194794308,1.8568748685043994,1.9157688987033679,1.9526200107940248]}