{"x":[0,0.01,0.02,0.03,0.04,0.05,0.06,0.07,0.08,0.09,0.1,0.11,0.12,0.13,0.14,0.15,0.16,0.17,0.18,0.19,0.2,0.21,0.22,0.23,0.24,0.25,0.26,0.27,0.28,0.29,0.3,0.31,0.32,0.33,0.34,0.35,0.36,0.37,0.38,0.39,0.4,0.41,0.42,0.43,0.44,0.45,0.46,0.47,0.48,0.49,0.5,0.51,0.52,0.53,0.54,0.55,0.56,0.57,0.58,0.59,0.6,0.61,0.62,0.63,0.64,0.65,0.66,0.67,0.68,0.69,0.7,0.71,0.72,0.73,0.74,0.75,0.76,0.77,0.78,0.79,0.8,0.81,0.82,0.83,0.84,0.85,0.86,0.87,0.88,0.89,0.9,0.91,0.92,0.93,0.94,0.95,0.96,0.97,0.98,0.99],"y":[0.3023982619963186,0.3566590663091047,0.4109198706218908,0.46518067493467685,0.519441479247463,0.5737022835602491,0.6279630878730351,0.6822238921858212,0.7364846964986074,0.7907455008113935,0.8450063051241796,0.8992671094369656,0.9535279137497518,1.007788718062538,1.062049522375324,1.11631032668811,1.1705711310008962,1.2248319353136825,1.2790927396264684,1.3333535439392545,1.3876143482520407,1.4418751525648266,1.4961359568776127,1.5503967611903988,1.604657565503185,1.658918369815971,1.7131791741287572,1.7674399784415433,1.8217007827543295,1.8759615870671154,1.9302223913799015,1.9844831956926876,2.0387440000054737,2.0930048043182596,2.147265608631046,2.201526412943832,2.255787217256618,2.310048021569404,2.3643088258821905,2.4185696301949764,2.4728304345077627,2.5270912388205486,2.5813520431333346,2.635612847446121,2.689873651758907,2.744134456071693,2.798395260384479,2.852656064697265,2.9069168690100513,2.961177673322837,3.0154384776356236,3.06969928194841,3.123960086261196,3.178220890573982,3.232481694886768,3.2867424991995544,3.3410033035123403,3.3952641078251258,3.449524912137912,3.5037857164506985,3.5580465207634844,3.6123073250762707,3.6665681293890566,3.720828933701843,3.775089738014629,3.8293505423274152,3.883611346640201,3.9378721509529875,3.992132955265774,4.046393759578559,4.100654563891345,4.154915368204131,4.2091761725169174,4.263436976829704,4.31769778114249,4.3719585854552765,4.426219389768063,4.480480194080849,4.534740998393634,4.58900180270642,4.6432626070192065,4.697523411331993,4.751784215644779,4.8060450199575655,4.86030582427035,4.914566628583136,4.968827432895923,5.023088237208709,5.0773490415214955,5.131609845834282,5.185870650147068,5.2401314544598545,5.294392258772639,5.348653063085425,5.402913867398212,5.457174671710998,5.5114354760237845,5.565696280336571,5.619957084649355,5.674217888962142]}