{"x":[0.303,0.304,0.305,0.306,0.307,0.308,0.309,0.31,0.311,0.312,0.313,0.314,0.315,0.316,0.317,0.318,0.319,0.32,0.321,0.322,0.323,0.324,0.325,0.326,0.327,0.328,0.329,0.33,0.331,0.332,0.333],"y":[1.886937115165899,1.8908169134184292,1.8946870567983494,1.8985475808666308,1.9023985210098338,1.9062399124411828,1.9100717902016182,1.9138941891608554,1.917707144018426,1.9215106893047142,1.9253048593819908,1.9290896884454283,1.9328652105241206,1.9366314594820881,1.9403884690192787,1.9441362726725562,1.947874903816692,1.9516043956653375,1.9553247812719998,1.959036093531001,1.9627383651784385,1.9664316287931365,1.9701159167975844,1.9737912614588795,1.9774576948896498,1.9811152490489863,1.984763955743349,1.988403846627487,1.9920349532053325,1.995657306830909,1.9992709387092094]}