{"x":[0.0171192,0.0586318,0.102329,0.211573,0.303338,0.412581,0.499976,0.60485,0.705355,0.801489,0.901993,0.998128],"y":[76.31649257925064,89.91693351444106,104.23309746546323,140.0238349650162,170.0880675695206,205.87847744707602,234.51100192231888,268.87003129261035,301.7976801556378,333.29329326740617,366.2206145084361,397.71655524220205]}