{"x":[0,0.5,1,1.5,2,2.5,3,3.5,4,4.5,5,5.5,6,6.5,7,7.5,8,8.5,9,9.5,10,10.5,11,11.5,12],"y":[3.076953159829558,3.3029388324291427,3.5289245050287272,3.754910177628312,3.9808958502278964,4.206881522827481,4.4328671954270655,4.65885286802665,4.884838540626235,5.110824213225819,5.336809885825404,5.562795558424988,5.788781231024573,6.014766903624158,6.240752576223742,6.466738248823327,6.692723921422911,6.918709594022496,7.14469526662208,7.370680939221665,7.59666661182125,7.822652284420834,8.048637957020418,8.274623629620002,8.500609302219587]}