{"x":[0,1,2,3,4,5,6,7,8,9,10,11,12,13,14,15,16,17,18,19,20,21,22,23,24,25,26,27,28,29,30,31,32,33,34,35,36,37,38,39,40,41,42,43,44,45,46,47,48,49,50,51,52,53,54,55,56,57,58,59,60,61,62,63,64,65,66,67,68,69,70,71,72,73,74,75,76,77,78,79,80,81,82,83,84,85,86,87,88,89,90,91,92,93,94,95,96,97,98,99],"y":[6.033787505046908,5.996300622388745,5.958813739730581,5.921326857072418,5.883839974414254,5.846353091756091,5.808866209097928,5.771379326439765,5.733892443781602,5.696405561123438,5.658918678465275,5.621431795807112,5.583944913148948,5.546458030490785,5.5089711478326215,5.471484265174459,5.433997382516296,5.396510499858132,5.359023617199969,5.321536734541805,5.284049851883642,5.246562969225479,5.209076086567316,5.171589203909153,5.134102321250989,5.096615438592826,5.059128555934663,5.021641673276499,4.984154790618336,4.9466679079601725,4.90918102530201,4.871694142643847,4.834207259985683,4.79672037732752,4.759233494669356,4.721746612011193,4.68425972935303,4.646772846694867,4.609285964036704,4.57179908137854,4.534312198720377,4.496825316062214,4.45933843340405,4.421851550745887,4.3843646680877235,4.346877785429561,4.309390902771398,4.271904020113234,4.234417137455071,4.196930254796907,4.159443372138744,4.121956489480581,4.0844696068224176,4.046982724164255,4.009495841506091,3.972008958847928,3.9345220761897646,3.8970351935316017,3.8595483108734383,3.822061428215275,3.7845745455571116,3.7470876628989482,3.7096007802407853,3.672113897582622,3.6346270149244586,3.5971401322662953,3.559653249608132,3.522166366949969,3.4846794842918056,3.4471926016336423,3.409705718975479,3.3722188363173156,3.3347319536591526,3.2972450710009893,3.259758188342826,3.2222713056846626,3.1847844230264992,3.1472975403683363,3.109810657710173,3.0723237750520096,3.0348368923938462,2.997350009735683,2.95986312707752,2.9223762444193566,2.8848893617611933,2.84740247910303,2.8099155964448665,2.7724287137867036,2.7349418311285403,2.697454948470377,2.6599680658122136,2.62248118315405,2.5849943004958873,2.547507417837724,2.5100205351795606,2.4725336525213972,2.4350467698632343,2.397559887205071,2.3600730045469076,2.3225861218887442]}