{"x":[0.19333333333333333,0.2,0.20666666666666667,0.21333333333333335],"y":[1.5232127480255104,1.2810031147732612,1.3236679895116155,1.6607367385836271]}