{"x":[0,0.01,0.02,0.03,0.04,0.05,0.06,0.07,0.08,0.09,0.1,0.11,0.12,0.13,0.14,0.15,0.16,0.17,0.18,0.19,0.2,0.21,0.22,0.23,0.24,0.25,0.26,0.27,0.28,0.29,0.3,0.31,0.32,0.33,0.34,0.35,0.36,0.37,0.38,0.39,0.4,0.41,0.42,0.43,0.44,0.45,0.46,0.47,0.48,0.49,0.5,0.51,0.52,0.53,0.54,0.55,0.56,0.57,0.58,0.59,0.6,0.61,0.62,0.63,0.64,0.65,0.66,0.67,0.68,0.69,0.7,0.71,0.72,0.73,0.74,0.75,0.76,0.77,0.78,0.79,0.8,0.81,0.82,0.83,0.84,0.85,0.86,0.87,0.88,0.89,0.9,0.91,0.92,0.93,0.94,0.95,0.96,0.97,0.98,0.99],"y":[0.3282493635154975,0.3815003869395304,0.4347514103635633,0.4880024337875962,0.5412534572116291,0.5945044806356621,0.647755504059695,0.7010065274837278,0.7542575509077607,0.8075085743317936,0.8607595977558266,0.9140106211798595,0.9672616446038924,1.0205126680279253,1.0737636914519584,1.1270147148759913,1.1802657383000241,1.233516761724057,1.2867677851480899,1.3400188085721227,1.3932698319961556,1.4465208554201885,1.4997718788442216,1.5530229022682545,1.6062739256922873,1.6595249491163202,1.712775972540353,1.7660269959643862,1.819278019388419,1.8725290428124517,1.9257800662364848,1.9790310896605177,2.0322821130845505,2.085533136508584,2.1387841599326167,2.192035183356649,2.245286206780682,2.2985372302047153,2.351788253628748,2.405039277052781,2.458290300476814,2.511541323900847,2.5647923473248797,2.6180433707489126,2.6712943941729455,2.7245454175969783,2.777796441021011,2.831047464445044,2.884298487869077,2.93754951129311,2.9908005347171427,3.0440515581411756,3.0973025815652084,3.150553604989242,3.203804628413275,3.257055651837308,3.310306675261341,3.363557698685373,3.4168087221094057,3.4700597455334385,3.5233107689574723,3.576561792381505,3.629812815805538,3.683063839229571,3.736314862653604,3.7895658860776367,3.8428169095016695,3.8960679329257024,3.9493189563497353,4.002569979773768,4.055821003197801,4.109072026621834,4.162323050045867,4.2155740734699,4.2688250968939325,4.322076120317965,4.375327143741998,4.428578167166031,4.481829190590064,4.535080214014097,4.58833123743813,4.6415822608621635,4.6948332842861955,4.748084307710228,4.801335331134261,4.854586354558294,4.907837377982327,4.96108840140636,5.014339424830394,5.0675904482544265,5.120841471678459,5.174092495102492,5.227343518526525,5.280594541950558,5.33384556537459,5.387096588798624,5.440347612222657,5.4935986356466895,5.546849659070722,5.600100682494755]}