{"x":[0.05,0.06,0.07,0.08,0.09,0.1,0.11,0.12,0.13,0.14,0.15,0.16,0.17,0.18,0.19,0.2,0.21,0.22,0.23,0.24,0.25,0.26,0.27,0.28],"y":[0.45704241049422134,0.5271159880930757,0.5981736413466334,0.7028995621208862,0.7552534834076571,0.8315949757570231,0.9023644936971001,0.9775976326404843,1.0193356727570178,1.086508232824513,1.1558440356231536,1.2214087001905896,1.273804979991692,1.334130090725305,1.3804885135435514,1.432515322228913,1.4806297130752597,1.5047607407270034,1.5534967249802956,1.6279724646277862,1.6766279442424452,1.7242871498246157,1.742011163361387,1.8233460036244928]}