{"x":[0.303,0.304,0.305,0.306,0.307,0.308,0.309,0.31,0.311,0.312,0.313,0.314,0.315,0.316,0.317,0.318,0.319,0.32,0.321,0.322,0.323,0.324,0.325,0.326,0.327,0.328,0.329,0.33,0.331,0.332,0.333],"y":[1.8870993734571004,1.8909629030474782,1.8948168522729225,1.8986612572886574,1.902496154068236,1.906321578404677,1.9101375659116024,1.913944152024352,1.9177413720011054,1.92152926092398,1.9253078537001358,1.929077185062861,1.9328372895726518,1.9365882016182896,1.9403299554179023,1.9440625850200262,1.9477861243046484,1.951500606984256,1.9552060666048638,1.958902536547046,1.96259005002695,1.9662686400973106,1.9699383396484524,1.9735991814092866,1.977251197948301,1.9808944216745379,1.9845288848385738,1.9881546195334834,1.991771657695801,1.9953800311064738,1.9989797713918067]}