{"x":[0,0.01,0.02,0.03,0.04,0.05,0.06,0.07,0.08,0.09,0.1,0.11,0.12,0.13,0.14,0.15,0.16,0.17,0.18,0.19,0.2,0.21,0.22,0.23,0.24,0.25,0.26,0.27,0.28,0.29,0.3,0.31,0.32,0.33,0.34,0.35,0.36,0.37,0.38,0.39,0.4,0.41,0.42,0.43,0.44,0.45,0.46,0.47,0.48,0.49,0.5,0.51,0.52,0.53,0.54,0.55,0.56,0.57,0.58,0.59,0.6,0.61,0.62,0.63,0.64,0.65,0.66,0.67,0.68,0.69,0.7,0.71,0.72,0.73,0.74,0.75,0.76,0.77,0.78,0.79,0.8,0.81,0.82,0.83,0.84,0.85,0.86,0.87,0.88,0.89,0.9,0.91,0.92,0.93,0.94,0.95,0.96,0.97,0.98,0.99],"y":[0.24207772132583438,0.3001063686189785,0.35813501591212266,0.41616366320526677,0.47419231049841093,0.5322209577915551,0.5902496050846991,0.6482782523778433,0.7063068996709874,0.7643355469641315,0.8223641942572757,0.8803928415504199,0.9384214888435639,0.9964501361367081,1.0544787834298521,1.1125074307229963,1.1705360780161405,1.2285647253092846,1.2865933726024288,1.344622019895573,1.4026506671887171,1.4606793144818608,1.5187079617750054,1.5767366090681496,1.6347652563612933,1.6927939036544375,1.7508225509475817,1.8088511982407258,1.86687984553387,1.9249084928270142,1.9829371401201583,2.0409657874133025,2.0989944347064466,2.157023081999591,2.215051729292735,2.2730803765858787,2.331109023879023,2.389137671172167,2.447166318465311,2.5051949657584553,2.5632236130515995,2.6212522603447432,2.6792809076378874,2.7373095549310316,2.795338202224176,2.8533668495173203,2.9113954968104645,2.969424144103608,3.0274527913967524,3.0854814386898965,3.1435100859830407,3.201538733276185,3.259567380569329,3.317596027862473,3.3756246751556174,3.4336533224487615,3.4916819697419057,3.5497106170350494,3.6077392643281936,3.6657679116213377,3.723796558914482,3.781825206207626,3.8398538535007702,3.8978825007939144,3.9559111480870586,4.013939795380203,4.071968442673347,4.1299970899664915,4.188025737259635,4.246054384552779,4.304083031845924,4.362111679139067,4.420140326432212,4.478168973725356,4.5361976210185,4.594226268311644,4.6522549156047885,4.710283562897933,4.768312210191077,4.8263408574842215,4.884369504777365,4.94239815207051,5.000426799363653,5.058455446656797,5.116484093949941,5.174512741243086,5.232541388536229,5.290570035829374,5.3485986831225185,5.406627330415662,5.464655977708807,5.522684625001951,5.580713272295095,5.638741919588239,5.696770566881383,5.754799214174526,5.812827861467671,5.870856508760815,5.928885156053959,5.986913803347103]}