{"x":[0.07,0.08,0.09,0.1,0.11,0.12,0.13,0.14,0.15,0.16,0.17,0.18,0.19,0.2,0.21,0.22,0.23,0.24,0.25,0.26,0.27,0.28,0.29,0.3,0.31,0.32],"y":[0.6236625789762776,0.705440043499413,0.7645590267120739,0.8363759097513975,0.8959185021165124,0.9683464111542085,1.0309944961760105,1.1001872908256218,1.1489513181153936,1.206914069274856,1.2779306382196491,1.3389917413021608,1.3681233964173813,1.4425243809420427,1.5163072473130983,1.5224286954297095,1.5697119368137,1.6428646305490928,1.6587022261338373,1.7263854963035978,1.7582174315706987,1.7986112746126273,1.844298315596639,1.8707282383920214,1.9424041739510023,1.973172857238598]}