{"x":[0,0.01,0.02,0.03,0.04,0.05,0.06,0.07,0.08,0.09,0.1,0.11,0.12,0.13,0.14,0.15,0.16,0.17,0.18,0.19,0.2,0.21,0.22,0.23,0.24,0.25,0.26,0.27,0.28,0.29,0.3,0.31,0.32,0.33,0.34,0.35,0.36,0.37,0.38,0.39,0.4,0.41,0.42,0.43,0.44,0.45,0.46,0.47,0.48,0.49,0.5,0.51,0.52,0.53,0.54,0.55,0.56,0.57,0.58,0.59,0.6,0.61,0.62,0.63,0.64,0.65,0.66,0.67,0.68,0.69,0.7,0.71,0.72,0.73,0.74,0.75,0.76,0.77,0.78,0.79,0.8,0.81,0.82,0.83,0.84,0.85,0.86,0.87,0.88,0.89,0.9,0.91,0.92,0.93,0.94,0.95,0.96,0.97,0.98,0.99],"y":[0.3414055075322362,0.3938872462713533,0.4463689850104704,0.4988507237495875,0.5513324624887046,0.6038142012278218,0.6562959399669388,0.708777678706056,0.7612594174451731,0.8137411561842902,0.8662228949234073,0.9187046336625244,0.9711863724016415,1.0236681111407586,1.0761498498798758,1.128631588618993,1.18111332735811,1.2335950660972272,1.2860768048363442,1.3385585435754614,1.3910402823145784,1.4435220210536956,1.4960037597928126,1.5484854985319298,1.6009672372710468,1.653448976010164,1.7059307147492813,1.7584124534883985,1.8108941922275155,1.8633759309666325,1.9158576697057497,1.9683394084448667,2.020821147183984,2.073302885923101,2.1257846246622183,2.178266363401335,2.2307481021404523,2.2832298408795695,2.3357115796186863,2.388193318357804,2.4406750570969207,2.493156795836038,2.545638534575155,2.598120273314272,2.650602012053389,2.7030837507925063,2.7555654895316235,2.8080472282707403,2.8605289670098575,2.9130107057489747,2.965492444488092,3.017974183227209,3.0704559219663263,3.1229376607054435,3.1754193994445608,3.2279011381836775,3.2803828769227947,3.3328646156619115,3.3853463544010287,3.437828093140146,3.490309831879263,3.54279157061838,3.595273309357497,3.6477550480966143,3.7002367868357315,3.7527185255748488,3.805200264313966,3.857682003053083,3.9101637417922004,3.9626454805313167,4.015127219270434,4.067608958009551,4.120090696748669,4.172572435487785,4.225054174226903,4.2775359129660195,4.330017651705137,4.382499390444254,4.434981129183372,4.487462867922488,4.539944606661605,4.592426345400723,4.644908084139839,4.697389822878957,4.749871561618074,4.802353300357192,4.854835039096308,4.907316777835424,4.959798516574542,5.012280255313659,5.064761994052777,5.117243732791893,5.169725471531011,5.222207210270128,5.274688949009244,5.327170687748362,5.379652426487478,5.432134165226596,5.484615903965713,5.537097642704831]}