{"x":[0,0.01,0.02,0.03,0.04,0.05,0.06,0.07,0.08,0.09,0.1,0.11,0.12,0.13,0.14,0.15,0.16,0.17,0.18,0.19,0.2,0.21,0.22,0.23,0.24,0.25,0.26,0.27,0.28,0.29,0.3,0.31,0.32,0.33,0.34,0.35,0.36,0.37,0.38,0.39,0.4,0.41,0.42,0.43,0.44,0.45,0.46,0.47,0.48,0.49,0.5,0.51,0.52,0.53,0.54,0.55,0.56,0.57,0.58,0.59,0.6,0.61,0.62,0.63,0.64,0.65,0.66,0.67,0.68,0.69,0.7,0.71,0.72,0.73,0.74,0.75,0.76,0.77,0.78,0.79,0.8,0.81,0.82,0.83,0.84,0.85,0.86,0.87,0.88,0.89,0.9,0.91,0.92,0.93,0.94,0.95,0.96,0.97,0.98,0.99],"y":[0.3537933639103883,0.40540540313895235,0.4570174423675164,0.5086294815960805,0.5602415208246445,0.6118535600532086,0.6634655992817726,0.7150776385103367,0.7666896777389007,0.8183017169674647,0.8699137561960288,0.9215257954245929,0.9731378346531568,1.0247498738817211,1.076361913110285,1.127973952338849,1.1795859915674132,1.2311980307959773,1.2828100700245413,1.3344221092531052,1.3860341484816694,1.4376461877102333,1.4892582269387975,1.5408702661673614,1.5924823053959254,1.6440943446244896,1.6957063838530537,1.7473184230816177,1.7989304623101818,1.8505425015387456,1.9021545407673097,1.9537665799958739,2.0053786192244383,2.056990658453002,2.108602697681566,2.16021473691013,2.211826776138694,2.263438815367258,2.315050854595822,2.3666628938243868,2.4182749330529507,2.4698869722815147,2.5214990115100786,2.5731110507386425,2.6247230899672065,2.6763351291957704,2.7279471684243344,2.7795592076528983,2.8311712468814623,2.882783286110027,2.934395325338591,2.986007364567155,3.037619403795719,3.089231443024283,3.140843482252847,3.1924555214814117,3.2440675607099756,3.2956795999385387,3.3472916391671026,3.3989036783956674,3.4505157176242314,3.5021277568527953,3.5537397960813593,3.605351835309923,3.656963874538488,3.708575913767052,3.760187952995616,3.81179999222418,3.863412031452744,3.9150240706813078,3.9666361099098717,4.018248149138436,4.069860188367,4.1214722275955635,4.173084266824128,4.224696306052692,4.276308345281256,4.32792038450982,4.379532423738385,4.431144462966949,4.482756502195513,4.534368541424077,4.585980580652641,4.637592619881205,4.689204659109769,4.740816698338333,4.792428737566897,4.8440407767954605,4.895652816024025,4.947264855252589,4.998876894481153,5.050488933709717,5.102100972938281,5.153713012166845,5.205325051395409,5.256937090623973,5.308549129852537,5.360161169081101,5.411773208309666,5.46338524753823]}