{"x":[0,0.01,0.02,0.03,0.04,0.05,0.06,0.07,0.08,0.09,0.1,0.11,0.12,0.13,0.14,0.15,0.16,0.17,0.18,0.19,0.2,0.21,0.22,0.23,0.24,0.25,0.26,0.27,0.28,0.29,0.3,0.31,0.32,0.33,0.34,0.35,0.36,0.37,0.38,0.39,0.4,0.41,0.42,0.43,0.44,0.45,0.46,0.47,0.48,0.49,0.5,0.51,0.52,0.53,0.54,0.55,0.56,0.57,0.58,0.59,0.6,0.61,0.62,0.63,0.64,0.65,0.66,0.67,0.68,0.69,0.7,0.71,0.72,0.73,0.74,0.75,0.76,0.77,0.78,0.79,0.8,0.81,0.82,0.83,0.84,0.85,0.86,0.87,0.88,0.89,0.9,0.91,0.92,0.93,0.94,0.95,0.96,0.97,0.98,0.99],"y":[0.414632170825904,0.46359868950084504,0.5125652081757861,0.561531726850727,0.6104982455256681,0.6594647642006092,0.7084312828755501,0.7573978015504912,0.8063643202254323,0.8553308389003733,0.9042973575753144,0.9532638762502553,1.0022303949251965,1.0511969136001373,1.1001634322750786,1.1491299509500195,1.1980964696249605,1.2470629882999016,1.2960295069748424,1.3449960256497837,1.3939625443247248,1.4429290629996656,1.4918955816746067,1.5408621003495477,1.5898286190244888,1.6387951376994299,1.687761656374371,1.736728175049312,1.785694693724253,1.8346612123991939,1.883627731074135,1.932594249749076,1.981560768424017,2.030527287098958,2.0794938057738994,2.12846032444884,2.177426843123781,2.2263933617987224,2.2753598804736637,2.3243263991486045,2.3732929178235453,2.4222594364984866,2.471225955173427,2.5201924738483683,2.5691589925233096,2.618125511198251,2.6670920298731913,2.7160585485481326,2.765025067223074,2.8139915858980142,2.8629581045729555,2.911924623247897,2.960891141922838,3.0098576605977794,3.0588241792727198,3.107790697947661,3.1567572166226023,3.2057237352975427,3.254690253972484,3.3036567726474253,3.3526232913223657,3.401589809997307,3.4505563286722483,3.4995228473471895,3.54848936602213,3.5974558846970712,3.6464224033720125,3.695388922046954,3.744355440721894,3.7933219593968355,3.842288478071776,3.891254996746717,3.9402215154216584,3.9891880340965997,4.03815455277154,4.087121071446481,4.136087590121423,4.185054108796364,4.234020627471305,4.282987146146246,4.331953664821187,4.380920183496128,4.429886702171069,4.47885322084601,4.52781973952095,4.576786258195892,4.625752776870833,4.674719295545774,4.7236858142207145,4.772652332895656,4.821618851570597,4.870585370245538,4.919551888920479,4.96851840759542,5.0174849262703605,5.066451444945302,5.115417963620243,5.164384482295184,5.213351000970125,5.262317519645066]}