{"x":{"0":0.0000319520680460483,"1":0.003472729090731,"2":0.004970218603924,"3":0.008896451624176,"4":0.014353771573814,"5":0.014353771573814,"6":0.024620524286408,"7":0.029781701783844,"8":0.035469325366974,"9":0.040228118361832,"10":0.040228118361832,"11":0.040228118361832,"12":0.079637527414764,"13":0.079637527414764,"14":0.079637527414764,"15":0.1198115857771,"16":0.1198115857771,"17":0.1198115857771,"18":0.159896880870117,"19":0.179266589624268,"20":0.200278416317871,"21":0.200278416317871,"22":0.299472348805664,"23":0.349642672978272,"24":0.349642672978272,"25":0.450312151779053,"26":0.450312151779053,"27":0.450312151779053,"28":0.450312151779053,"29":0.450312151779053,"30":0.500408914275879,"31":0.55042243164624,"32":0.55042243164624,"33":0.55042243164624,"34":0.700148963285156,"35":0.85039380365625,"36":0.900072835110352,"37":0.900072835110352},"y":{"0":0.002854166992325,"1":0.373364820251917,"2":0.444366026132681,"3":0.560292282873847,"4":0.650031695716379,"5":0.650031695716379,"6":0.74833168651271,"7":0.78472094893886,"8":0.817998070599066,"9":0.844842342415842,"10":0.844842342415842,"11":0.844842342415842,"12":1.00821800050576,"13":1.00821800050576,"14":1.00821800050576,"15":1.14363848417445,"16":1.14363848417445,"17":1.14363848417445,"18":1.26801295352856,"19":1.32537930575155,"20":1.3856096254102,"21":1.3856096254102,"22":1.65116191749712,"23":1.77624623502315,"24":1.77624623502315,"25":2.01755397057835,"26":2.01755397057835,"27":2.01755397057835,"28":2.01755397057835,"29":2.01755397057835,"30":2.13272732975281,"31":2.24430984137704,"32":2.24430984137704,"33":2.24430984137704,"34":2.56408018734814,"35":2.86357519547817,"36":2.95746928379189,"37":2.95746928379189},"BET":{"sampledData":{"x":[0.1198115857771,0.1198115857771,0.1198115857771,0.159896880870117],"y":[1.296813969454816,1.296813969454816,1.296813969454816,1.4047086545633831]},"regression":{"slope":2.691613634812242,"intercept":0.9743275940923921},"score":1.0000000000003242,"vm":0.27278124158547823}}