{"x":[0.303,0.304,0.305,0.306,0.307,0.308,0.309,0.31,0.311,0.312,0.313,0.314,0.315,0.316,0.317,0.318,0.319,0.32,0.321,0.322,0.323,0.324,0.325,0.326,0.327,0.328,0.329,0.33,0.331,0.332,0.333],"y":[1.8848151705416047,1.8886879382066915,1.8925510852229679,1.896404647234134,1.9002486597080306,1.904083157937726,1.9079081770425903,1.9117237519693626,1.915529917493212,1.9193267082187868,1.9231141585812583,1.9268923028473608,1.9306611751164144,1.9344208093213533,1.9381712392297321,1.9419124984447371,1.9456446204061824,1.9493676383915044,1.9530815855167434,1.9567864947375224,1.960482398850016,1.9641693304919143,1.9678473221433819,1.9715164061280017,1.9751766146137197,1.9788279796137838,1.9824705329876655,1.9861043064419914,1.98972933153145,1.9933456396597058,1.9969532620802994]}