
{"x":[0,0.01,0.02,0.03,0.04,0.05,0.06,0.07,0.08,0.09,0.1,0.11,0.12,0.13,0.14,0.15,0.16,0.17,0.18,0.19,0.2,0.21,0.22,0.23,0.24,0.25,0.26,0.27,0.28,0.29,0.3,0.31,0.32,0.33,0.34,0.35,0.36,0.37,0.38,0.39,0.4,0.41,0.42,0.43,0.44,0.45,0.46,0.47,0.48,0.49,0.5,0.51,0.52,0.53,0.54,0.55,0.56,0.57,0.58,0.59,0.6,0.61,0.62,0.63,0.64,0.65,0.66,0.67,0.68,0.69,0.7,0.71,0.72,0.73,0.74,0.75,0.76,0.77,0.78,0.79,0.8,0.81,0.82,0.83,0.84,0.85,0.86,0.87,0.88,0.89,0.9,0.91,0.92,0.93,0.94,0.95,0.96,0.97,0.98,0.99],"y":[0.7318738213037881,0.7695148818959479,0.8071559424881076,0.8447970030802673,0.882438063672427,0.9200791242645868,0.9577201848567465,0.9953612454489063,1.033002306041066,1.0706433666332258,1.1082844272253856,1.145925487817545,1.1835665484097049,1.2212076090018646,1.2588486695940246,1.2964897301861842,1.334130790778344,1.3717718513705037,1.4094129119626633,1.4470539725548233,1.4846950331469828,1.5223360937391426,1.5599771543313024,1.5976182149234621,1.635259275515622,1.6729003361077814,1.7105413966999414,1.7481824572921012,1.785823517884261,1.8234645784764205,1.8611056390685803,1.89874669966074,1.9363877602528998,1.9740288208450596,2.0116698814372196,2.049310942029379,2.0869520026215387,2.1245930632136982,2.162234123805858,2.199875184398018,2.2375162449901778,2.2751573055823373,2.312798366174497,2.350439426766657,2.388080487358817,2.4257215479509764,2.463362608543136,2.5010036691352955,2.5386447297274555,2.5762857903196155,2.613926850911775,2.6515679115039346,2.6892089720960946,2.7268500326882545,2.764491093280414,2.8021321538725736,2.839773214464734,2.8774142750568927,2.915055335649053,2.9526963962412127,2.9903374568333723,3.027978517425532,3.0656195780176922,3.103260638609852,3.1409016992020113,3.178542759794171,3.2161838203863313,3.253824880978491,3.2914659415706504,3.32910700216281,3.3667480627549695,3.404389123347129,3.4420301839392895,3.479671244531449,3.5173123051236086,3.554953365715768,3.5925944263079286,3.630235486900088,3.6678765474922477,3.705517608084407,3.7431586686765677,3.780799729268727,3.8184407898608868,3.8560818504530463,3.893722911045206,3.9313639716373654,3.969005032229526,4.006646092821685,4.044287153413845,4.0819282140060045,4.119569274598165,4.1572103351903245,4.194851395782484,4.2324924563746436,4.270133516966803,4.307774577558963,4.345415638151123,4.383056698743283,4.420697759335442,4.458338819927602]}
