{"x":[0,1,2,3,4,5,6,7,8,9,10,11,12,13,14,15,16,17,18,19,20,21,22,23,24,25,26,27,28,29,30,31,32,33,34,35,36,37,38,39,40,41,42,43,44,45,46,47,48,49,50,51,52,53,54,55,56,57,58,59,60,61,62,63,64,65,66,67,68,69,70,71,72,73,74,75,76,77,78,79,80,81,82,83,84,85,86,87,88,89,90,91,92,93,94,95,96,97,98,99],"y":[4.10594561608732,4.166798930378076,4.227652244668832,4.288505558959589,4.3493588732503445,4.4102121875411004,4.471065501831856,4.531918816122612,4.592772130413369,4.653625444704125,4.714478758994881,4.775332073285637,4.836185387576393,4.8970387018671495,4.957892016157905,5.018745330448661,5.079598644739417,5.140451959030173,5.20130527332093,5.262158587611686,5.323011901902442,5.383865216193198,5.444718530483954,5.50557184477471,5.566425159065466,5.627278473356222,5.688131787646978,5.748985101937734,5.809838416228491,5.870691730519247,5.931545044810003,5.992398359100759,6.0532516733915145,6.114104987682271,6.174958301973027,6.235811616263783,6.29666493055454,6.357518244845295,6.418371559136052,6.479224873426808,6.5400781877175636,6.60093150200832,6.661784816299075,6.722638130589832,6.783491444880588,6.844344759171344,6.905198073462101,6.966051387752856,7.026904702043613,7.0877580163343685,7.148611330625124,7.209464644915881,7.270317959206636,7.331171273497393,7.392024587788149,7.452877902078905,7.513731216369662,7.574584530660417,7.6354378449511735,7.696291159241929,7.757144473532685,7.817997787823442,7.878851102114197,7.939704416404954,8.00055773069571,8.061411044986466,8.12226435927722,8.183117673567978,8.243970987858734,8.304824302149491,8.365677616440246,8.426530930731001,8.487384245021758,8.548237559312515,8.609090873603272,8.669944187894027,8.730797502184782,8.791650816475538,8.852504130766295,8.913357445057052,8.974210759347807,9.035064073638562,9.095917387929319,9.156770702220076,9.217624016510833,9.278477330801588,9.339330645092343,9.4001839593831,9.461037273673856,9.521890587964613,9.582743902255368,9.643597216546123,9.70445053083688,9.765303845127637,9.826157159418393,9.887010473709148,9.947863787999905,10.00871710229066,10.069570416581417,10.130423730872174]}