{"x":[0.303,0.304,0.305,0.306,0.307,0.308,0.309,0.31,0.311,0.312,0.313,0.314,0.315,0.316,0.317,0.318,0.319,0.32,0.321,0.322,0.323,0.324,0.325,0.326,0.327,0.328,0.329,0.33,0.331,0.332,0.333],"y":[1.8844263028417,1.888281782107861,1.8921276967062293,1.895964082809121,1.8997909764067167,1.903608413308207,1.9074164291429283,1.911215059361491,1.9150043392368992,1.9187843038656602,1.9225549881688888,1.9263164268933997,1.930068654612795,1.9338117057285418,1.9375456144710417,1.941270414900694,1.9449861409089484,1.9486928262193517,1.9523905043885863,1.956079208807501,1.9597589727021358,1.9634298291347339,1.9670918110047526,1.9707449510498631,1.974389281846944,1.9780248358130665,1.981651645206475,1.9852697421275558,1.9888791585198042,1.9924799261707804,1.9960720767130595]}