{"x":[0,0.01,0.02,0.03,0.04,0.05,0.06,0.07,0.08,0.09,0.1,0.11,0.12,0.13,0.14,0.15,0.16,0.17,0.18,0.19,0.2,0.21,0.22,0.23,0.24,0.25,0.26,0.27,0.28,0.29,0.3,0.31,0.32,0.33,0.34,0.35,0.36,0.37,0.38,0.39,0.4,0.41,0.42,0.43,0.44,0.45,0.46,0.47,0.48,0.49,0.5,0.51,0.52,0.53,0.54,0.55,0.56,0.57,0.58,0.59,0.6,0.61,0.62,0.63,0.64,0.65,0.66,0.67,0.68,0.69,0.7,0.71,0.72,0.73,0.74,0.75,0.76,0.77,0.78,0.79,0.8,0.81,0.82,0.83,0.84,0.85,0.86,0.87,0.88,0.89,0.9,0.91,0.92,0.93,0.94,0.95,0.96,0.97,0.98,0.99],"y":[0.4497039625181969,0.49769391286945686,0.5456838632207168,0.5936738135719768,0.6416637639232368,0.6896537142744966,0.7376436646257566,0.7856336149770166,0.8336235653282765,0.8816135156795364,0.9296034660307964,0.9775934163820563,1.0255833667333163,1.0735733170845763,1.1215632674358362,1.169553217787096,1.2175431681383562,1.2655331184896161,1.313523068840876,1.3615130191921359,1.409502969543396,1.4574929198946558,1.5054828702459158,1.5534728205971757,1.6014627709484357,1.6494527212996957,1.6974426716509556,1.7454326220022156,1.7934225723534756,1.8414125227047353,1.8894024730559953,1.9373924234072553,1.9853823737585155,2.0333723241097754,2.0813622744610356,2.129352224812295,2.177342175163555,2.2253321255148153,2.273322075866075,2.321312026217335,2.369301976568595,2.4172919269198547,2.4652818772711145,2.5132718276223747,2.561261777973635,2.609251728324895,2.6572416786761544,2.7052316290274145,2.7532215793786747,2.801211529729934,2.8492014800811942,2.8971914304324544,2.9451813807837146,2.993171331134975,3.041161281486234,3.0891512318374943,3.1371411821887545,3.185131132540014,3.233121082891274,3.281111033242534,3.3291009835937935,3.3770909339450537,3.425080884296314,3.473070834647574,3.5210607849988342,3.5690507353500935,3.6170406857013537,3.665030636052614,3.713020586403874,3.7610105367551334,3.8090004871063936,3.856990437457653,3.904980387808913,3.9529703381601733,4.0009602885114335,4.048950238862694,4.096940189213953,4.144930139565213,4.192920089916473,4.2409100402677335,4.288899990618993,4.336889940970253,4.384879891321512,4.4328698416727725,4.480859792024033,4.528849742375293,4.576839692726553,4.624829643077812,4.672819593429073,4.720809543780333,4.768799494131593,4.816789444482853,4.8647793948341125,4.912769345185373,4.960759295536632,5.008749245887892,5.056739196239152,5.1047291465904125,5.152719096941672,5.200709047292932]}