
{"x":[0.26,0.27,0.28,0.29,0.3,0.31,0.32],"y":[1.7117668888616886,1.7397447589187807,1.7847279584573554,1.8379577853715225,1.857157623381536,1.9023808869532672,1.930516147390795]}

