{"x":[8,9,10,11],"y":[4.573516218826598,4.697651214166757,4.684194954829917,4.780846019574737]}