{"x":[0,1,2,3,4,5,6,7,8,9,10,11,12,13,14,15,16,17,18,19,20,21,22,23,24,25,26,27,28,29,30,31,32,33,34,35,36,37,38,39,40,41,42,43,44,45,46,47,48,49,50,51,52,53,54,55,56,57,58,59,60,61,62,63,64,65,66,67,68,69,70,71,72,73,74,75,76,77,78,79,80,81,82,83,84,85,86,87,88,89,90,91,92,93,94,95,96,97,98,99],"y":[4.2415790426440205,4.286034807933294,4.330490573222568,4.374946338511843,4.419402103801117,4.463857869090391,4.508313634379665,4.5527693996689385,4.597225164958213,4.641680930247487,4.686136695536761,4.730592460826035,4.7750482261153095,4.819503991404583,4.863959756693857,4.908415521983131,4.952871287272405,4.99732705256168,5.041782817850954,5.0862385831402275,5.130694348429501,5.175150113718775,5.21960587900805,5.264061644297324,5.308517409586598,5.3529731748758715,5.397428940165145,5.44188470545442,5.486340470743694,5.530796236032968,5.575252001322242,5.619707766611516,5.66416353190079,5.708619297190064,5.753075062479338,5.797530827768612,5.841986593057886,5.886442358347161,5.930898123636434,5.975353888925708,6.019809654214982,6.064265419504256,6.108721184793531,6.153176950082805,6.1976327153720785,6.242088480661352,6.286544245950626,6.331000011239901,6.375455776529175,6.419911541818449,6.464367307107723,6.508823072396996,6.553278837686271,6.597734602975545,6.642190368264819,6.686646133554093,6.731101898843367,6.775557664132641,6.820013429421915,6.864469194711189,6.908924960000463,6.953380725289737,6.997836490579012,7.0422922558682854,7.086748021157559,7.131203786446833,7.175659551736107,7.220115317025382,7.264571082314656,7.3090268476039295,7.353482612893203,7.397938378182477,7.442394143471752,7.486849908761026,7.5313056740503,7.575761439339574,7.620217204628847,7.664672969918122,7.709128735207396,7.75358450049667,7.798040265785944,7.842496031075218,7.886951796364492,7.931407561653766,7.97586332694304,8.020319092232315,8.064774857521588,8.109230622810863,8.153686388100137,8.19814215338941,8.242597918678683,8.287053683967958,8.331509449257233,8.375965214546508,8.42042097983578,8.464876745125054,8.509332510414328,8.553788275703603,8.598244040992878,8.64269980628215]}