{"x":[0.08,0.09,0.1,0.11,0.12,0.13,0.14,0.15,0.16,0.17,0.18,0.19,0.2,0.21,0.22,0.23,0.24,0.25,0.26,0.27,0.28,0.29,0.3,0.31],"y":[0.7031405576415785,0.7558886802199413,0.8230482721127995,0.9044549246200367,0.966509118920505,1.039208706847388,1.0772829059901206,1.1451114605036203,1.2157680941469784,1.2742246194668614,1.305974173019108,1.3862671237104875,1.4372404303759057,1.49563220974299,1.5099784730801151,1.5605662766782742,1.6230930635328118,1.6715430712365351,1.7306625701661618,1.7477704500436355,1.7896133411302426,1.8392622616643153,1.8392114817428364,1.9137336440872241]}