{"x":[4.5,5,5.5,6],"y":[4.5,4.545454545454546,4.583333333333333,4.615384615384615]}