{"x":[9,10,11,12],"y":[4.651408374897513,4.690717920173527,4.7670710145968975,4.8897200159034595]}