{"x":[0,0.01,0.02,0.03,0.04,0.05,0.06,0.07,0.08,0.09,0.1,0.11,0.12,0.13,0.14,0.15,0.16,0.17,0.18,0.19,0.2,0.21,0.22,0.23,0.24,0.25,0.26,0.27,0.28,0.29,0.3,0.31,0.32,0.33,0.34,0.35,0.36,0.37,0.38,0.39,0.4,0.41,0.42,0.43,0.44,0.45,0.46,0.47,0.48,0.49,0.5,0.51,0.52,0.53,0.54,0.55,0.56,0.57,0.58,0.59,0.6,0.61,0.62,0.63,0.64,0.65,0.66,0.67,0.68,0.69,0.7,0.71,0.72,0.73,0.74,0.75,0.76,0.77,0.78,0.79,0.8,0.81,0.82,0.83,0.84,0.85,0.86,0.87,0.88,0.89,0.9,0.91,0.92,0.93,0.94,0.95,0.96,0.97,0.98,0.99],"y":[0.3343159832091258,0.38659810527430116,0.4388802273394765,0.49116234940465187,0.5434444714698272,0.5957265935350027,0.6480087156001779,0.7002908376653534,0.7525729597305287,0.8048550817957041,0.8571372038608794,0.9094193259260548,0.9617014479912301,1.0139835700564057,1.066265692121581,1.1185478141867562,1.1708299362519317,1.2231120583171071,1.2753941803822824,1.3276763024474576,1.379958424512633,1.4322405465778085,1.4845226686429838,1.5368047907081592,1.5890869127733345,1.64136903483851,1.6936511569036854,1.7459332789688609,1.798215401034036,1.8504975230992113,1.9027796451643868,1.955061767229562,2.0073438892947375,2.0596260113599127,2.1119081334250884,2.1641902554902632,2.216472377555439,2.2687544996206146,2.3210366216857894,2.373318743750965,2.4256008658161403,2.4778829878813156,2.5301651099464912,2.5824472320116665,2.6347293540768417,2.6870114761420174,2.7392935982071926,2.791575720272368,2.843857842337543,2.896139964402719,2.948422086467894,3.0007042085330693,3.052986330598245,3.10526845266342,3.157550574728596,3.209832696793771,3.2621148188589464,3.314396940924121,3.366679062989297,3.418961185054472,3.471243307119648,3.523525429184823,3.5758075512499983,3.628089673315174,3.680371795380349,3.7326539174455244,3.7849360395107,3.8372181615758754,3.889500283641051,3.941782405706226,3.994064527771401,4.046346649836576,4.098628771901752,4.150910893966927,4.2031930160321025,4.255475138097278,4.307757260162454,4.360039382227629,4.412321504292804,4.46460362635798,4.516885748423155,4.5691678704883305,4.621449992553505,4.673732114618681,4.726014236683857,4.7782963587490315,4.830578480814207,4.882860602879383,4.935142724944558,4.987424847009733,5.039706969074909,5.091989091140084,5.1442712132052595,5.196553335270435,5.24883545733561,5.301117579400786,5.3533997014659604,5.405681823531136,5.457963945596312,5.510246067661487]}