{"x":[0.12,0.13,0.14,0.15,0.16,0.17,0.18,0.19,0.2,0.21,0.22,0.23,0.24,0.25,0.26,0.27,0.28,0.29,0.3,0.31,0.32],"y":[0.9705952794893818,1.025925678117401,1.1058221221092486,1.166243950557515,1.231642238871388,1.2816608646995926,1.322353118981777,1.4070245579687022,1.4305189791370396,1.4571514274076576,1.5431100355272447,1.5704276830214876,1.6339809274209245,1.6729350714006974,1.6959065451096738,1.752685471780776,1.8046771999373628,1.8248902202699673,1.8916538756695425,1.8704607237087292,1.9554743039781268]}