{"x":[0.1,0.11,0.12,0.13,0.14,0.15,0.16,0.17,0.18,0.19,0.2,0.21,0.22,0.23,0.24,0.25,0.26,0.27,0.28,0.29,0.3,0.31,0.32,0.33],"y":[0.8275771318572083,0.8992041568146812,0.9864997661284085,1.062643913181645,1.088661366289927,1.1480663726306122,1.2035380010415204,1.267828910382394,1.32282218915562,1.3827418890314942,1.4485072748852839,1.4946075333458217,1.5156279891899218,1.5624233668838687,1.6099487251790243,1.6772489464776879,1.6883994712516273,1.735457781733283,1.7545492606475106,1.8004521620161822,1.888636975175558,1.902119931008959,1.966471769413342,1.9838608523696866]}