{"x":{"0":0.04,"1":0.04,"2":0.04,"3":0.08,"4":0.08,"5":0.12,"6":0.12,"7":0.14,"8":0.14,"9":0.14,"10":0.16,"11":0.16,"12":0.16,"13":0.2,"14":0.24,"15":0.26,"16":0.26,"17":0.32,"18":0.34,"19":0.34,"20":0.34,"21":0.36,"22":0.38,"23":0.38,"24":0.4,"25":0.42,"26":0.42,"27":0.42,"28":0.46,"29":0.48,"30":0.48,"31":0.48,"32":0.52,"33":0.52,"34":0.52,"35":0.6,"36":0.64,"37":0.64,"38":0.72,"39":0.72,"40":0.72,"41":0.74,"42":0.74,"43":0.76,"44":0.78,"45":0.88,"46":0.88,"47":0.88,"48":0.94,"49":0.96},"y":{"0":1.415633638115575,"1":1.415633638115575,"2":1.415633638115575,"3":2.44158741798085,"4":2.44158741798085,"5":3.22347592580087,"6":3.22347592580087,"7":3.548087645527828,"8":3.548087645527828,"9":3.548087645527828,"10":3.8377121149119113,"11":3.8377121149119113,"12":3.8377121149119113,"13":4.334498924844392,"14":4.7415270797292655,"15":4.921397143546848,"16":4.921397143546848,"17":5.377502523320399,"18":5.505611705909996,"19":5.505611705909996,"20":5.505611705909996,"21":5.627497710549553,"22":5.7395031859222385,"23":5.7395031859222385,"24":5.846600805337997,"25":5.945126218591967,"26":5.945126218591967,"27":5.945126218591967,"28":6.125985266992313,"29":6.208074973462864,"30":6.208074973462864,"31":6.208074973462864,"32":6.3580914864673375,"33":6.3580914864673375,"34":6.3580914864673375,"35":6.6172260976065305,"36":6.728924184954796,"37":6.728924184954796,"38":6.9224888523883035,"39":6.9224888523883035,"40":6.9224888523883035,"41":6.965182285059852,"42":6.965182285059852,"43":7.007853673255656,"44":7.047028992736832,"45":7.224796715628961,"46":7.224796715628961,"47":7.224796715628961,"48":7.317064481864773,"49":7.347307328855233},"BET":{"sampledData":{"x":[0.12,0.12,0.14,0.14,0.14,0.16,0.16,0.16,0.2,0.24,0.26,0.26],"y":[3.22347592580087,3.22347592580087,3.548087645527828,3.548087645527828,3.548087645527828,3.8377121149119113,3.8377121149119113,3.8377121149119113,4.334498924844392,4.7415270797292655,4.921397143546848,4.921397143546848]},"regression":{"name":"simpleLinearRegression","slope":11.898001613364379,"intercept":1.8781140030435926},"vm":0.07258940240084479}}