{"x":[0.08,0.09,0.1,0.11,0.12,0.13,0.14,0.15,0.16,0.17,0.18,0.19,0.2,0.21,0.22,0.23,0.24,0.25,0.26,0.27,0.28,0.29,0.3,0.31,0.32,0.33],"y":[0.6864325591300912,0.7654661482172989,0.8311570831211295,0.886039659516178,0.9518587549944885,1.0370394203957098,1.1047520568906304,1.1627944635064709,1.1949808389463143,1.2576135925866192,1.3346279806749113,1.3814086128143621,1.4418456817337248,1.4855561479445654,1.5042331321248603,1.5547575025037674,1.6096953926673863,1.6726248320526225,1.7107254815675859,1.7629230468050792,1.7739452675616347,1.8488285443217496,1.885666199874367,1.9140964863998708,1.9420035369314876,2.0067719472118273]}