{"x":[0.06,0.07,0.08,0.09,0.1,0.11,0.12,0.13,0.14,0.15,0.16,0.17,0.18,0.19,0.2,0.21,0.22,0.23,0.24,0.25,0.26,0.27,0.28,0.29,0.3,0.31,0.32],"y":[0.5366349298440588,0.6201180653738354,0.6820684382449284,0.7680371754862377,0.8296495431577258,0.9105695573466179,0.9706241077221343,1.0336120826127932,1.1161327554478262,1.1435323360293876,1.2104006788277826,1.2521224534277062,1.3158875033176103,1.3636263753217048,1.440660038410327,1.4912301006120126,1.5190399087931636,1.5988748262844183,1.6118512534305192,1.6504953043805648,1.7221602060751955,1.7784879779052851,1.8100581146827457,1.8534267697597924,1.8701484301788107,1.8981098126963385,2.0029869409903442]}