{"x":[28,29,30,31],"y":[4.993405139500926,4.943299339205178,4.888167116164207,4.886826271654051]}