{"x":{"0":0.0000319520680460483,"1":0.001266672527126,"2":0.004970218603924,"3":0.00765760630315,"4":0.00765760630315,"5":0.010177547610409,"6":0.020182274361145,"7":0.024620524286408,"8":0.024620524286408,"9":0.024620524286408,"10":0.029781701783844,"11":0.035469325366974,"12":0.035469325366974,"13":0.040228118361832,"14":0.040228118361832,"15":0.040228118361832,"16":0.079637527414764,"17":0.079637527414764,"18":0.139955380627808,"19":0.139955380627808,"20":0.159896880870117,"21":0.179266589624268,"22":0.248534773913452,"23":0.248534773913452,"24":0.299472348805664,"25":0.349642672978272,"26":0.400308358546143,"27":0.450312151779053,"28":0.450312151779053,"29":0.450312151779053,"30":0.500408914275879,"31":0.500408914275879,"32":0.600335737508057,"33":0.700148963285156,"34":0.700148963285156,"35":0.85039380365625,"36":0.900072835110352,"37":0.950249058864258},"y":{"0":0.002854166992325,"1":0.197982648722904,"2":0.444366026132681,"3":0.528921390123202,"4":0.528921390123202,"5":0.586536046896914,"6":0.712416067390115,"7":0.74833168651271,"8":0.74833168651271,"9":0.74833168651271,"10":0.78472094893886,"11":0.817998070599066,"12":0.817998070599066,"13":0.844842342415842,"14":0.844842342415842,"15":0.844842342415842,"16":1.00821800050576,"17":1.00821800050576,"18":1.20708412171693,"19":1.20708412171693,"20":1.26801295352856,"21":1.32537930575155,"22":1.51789467636062,"23":1.51789467636062,"24":1.65116191749712,"25":1.77624623502315,"26":1.89900458387507,"27":2.01755397057835,"28":2.01755397057835,"29":2.01755397057835,"30":2.13272732975281,"31":2.13272732975281,"32":2.35284296949331,"33":2.56408018734814,"34":2.56408018734814,"35":2.86357519547817,"36":2.95746928379189,"37":3.05160076887291},"BET":{"sampledData":{"x":[0.159896880870117,0.179266589624268,0.248534773913452,0.248534773913452],"y":[1.4198446301015504,1.4614609771776264,1.5901334590320066,1.5901334590320066]},"regression":{"slope":1.900725152737262,"intercept":1.1180309231246306},"score":0.9994888373027833,"vm":0.3312622732244067}}