{"x":[0.0171192,0.0586318,0.102329,0.211573,0.303338,0.412581,0.499976,0.60485,0.705355,0.801489,0.901993,0.998128],"y":[24.58735810657043,68.14315055463035,99.22814162732402,145.96463101756166,169.3649494707621,188.7368656565368,200.5599160575546,212.19127709885407,221.65196685739923,229.67948237489878,237.3390393235942,244.17452068117947]}