{"x":{"0":0,"1":0.02,"2":0.04,"3":0.04,"4":0.04,"5":0.06,"6":0.06,"7":0.06,"8":0.06,"9":0.14,"10":0.16,"11":0.18,"12":0.18,"13":0.24,"14":0.24,"15":0.26,"16":0.3,"17":0.3,"18":0.32,"19":0.32,"20":0.36,"21":0.36,"22":0.4,"23":0.42,"24":0.46,"25":0.46,"26":0.48,"27":0.5,"28":0.52,"29":0.54,"30":0.56,"31":0.56,"32":0.6,"33":0.6,"34":0.64,"35":0.68,"36":0.72,"37":0.72,"38":0.78,"39":0.78,"40":0.8,"41":0.88,"42":0.9,"43":0.92,"44":0.92,"45":0.94,"46":0.96,"47":0.96,"48":0.96,"49":0.96},"y":{"0":-0.0002680464715461559,"1":0.7675748715354771,"2":1.415633638115575,"3":1.415633638115575,"4":1.415633638115575,"5":1.9653979513144735,"6":1.9653979513144735,"7":1.9653979513144735,"8":1.9653979513144735,"9":3.548087645527828,"10":3.8377121149119113,"11":4.097680985384489,"12":4.097680985384489,"13":4.7415270797292655,"14":4.7415270797292655,"15":4.921397143546848,"16":5.236238042747473,"17":5.236238042747473,"18":5.377502523320399,"19":5.377502523320399,"20":5.627497710549553,"21":5.627497710549553,"22":5.846600805337997,"23":5.945126218591967,"24":6.125985266992313,"25":6.125985266992313,"26":6.208074973462864,"27":6.286381945485574,"28":6.3580914864673375,"29":6.429009599714923,"30":6.494993570673886,"31":6.494993570673886,"32":6.6172260976065305,"33":6.6172260976065305,"34":6.728924184954796,"35":6.828355368077403,"36":6.9224888523883035,"37":6.9224888523883035,"38":7.047028992736832,"39":7.047028992736832,"40":7.086529334651177,"41":7.224796715628961,"42":7.256848017801757,"43":7.28830671771106,"44":7.28830671771106,"45":7.317064481864773,"46":7.347307328855233,"47":7.347307328855233,"48":7.347307328855233,"49":7.347307328855233},"BET":{"sampledData":{"x":[0.16,0.18,0.18,0.24,0.24,0.26,0.3,0.3,0.32,0.32],"y":[3.8377121149119113,4.097680985384489,4.097680985384489,4.7415270797292655,4.7415270797292655,4.921397143546848,5.236238042747473,5.236238042747473,5.377502523320399,5.377502523320399]},"regression":{"name":"simpleLinearRegression","slope":9.448126032866139,"intercept":2.4044691438656676},"vm":0.08436970849752219}}