{"x":[0.0171192,0.0586318,0.102329,0.211573,0.303338,0.412581,0.499976,0.60485,0.705355,0.801489,0.901993,0.998128],"y":[{"x":[0.0586318,0.102329,0.211573,0.303338,0.412581],"y":[69.2916,102.611,143.577,168.157,188.367]},[{"x":[0.102329,0.211573,0.303338,0.412581],"y":[102.611,143.577,168.157,188.367]},[{"x":[0.102329,0.211573,0.303338],"y":[102.611,143.577,168.157]},[{"x":[0.102329,0.211573,0.303338],"y":[102.611,143.577,168.157]},{"name":"simpleLinearRegression","slope":327.621997542684,"intercept":70.70786607891792}]]]]}