{"x":[0.07,0.08,0.09,0.1,0.11,0.12,0.13,0.14,0.15,0.16,0.17,0.18,0.19,0.2,0.21,0.22,0.23,0.24,0.25,0.26,0.27,0.28,0.29,0.3,0.31,0.32,0.33],"y":[0.6138593420805769,0.6889556565106058,0.7570781044675666,0.8270771160261778,0.8960057030024041,0.974419747562448,1.0385834355341608,1.0972289553557257,1.137791943677581,1.1926233820994474,1.2609819808966884,1.3292836041168852,1.3966714250955785,1.4130956878425935,1.4656647556165934,1.4986358916021758,1.5721478371101154,1.622039681837011,1.662124320060008,1.7146078305260124,1.7268884936677555,1.7726063426280398,1.8600194101516452,1.8722957599112577,1.9071313529154805,1.9753403617699907,1.985719339776563]}