{"x":[0,1,2,3,4,5,6,7,8,9,10,11,12,13,14,15,16,17,18,19,20,21,22,23,24,25,26,27,28,29,30,31,32,33,34,35,36,37,38,39,40,41,42,43,44,45,46,47,48,49,50,51,52,53,54,55,56,57,58,59,60,61,62,63,64,65,66,67,68,69,70,71,72,73,74,75,76,77,78,79,80,81,82,83,84,85,86,87,88,89,90,91,92,93,94,95,96,97,98,99],"y":[4.4598885990809425,4.484218918692995,4.508549238305048,4.5328795579171,4.557209877529153,4.581540197141206,4.605870516753258,4.630200836365311,4.654531155977364,4.678861475589416,4.703191795201469,4.727522114813522,4.751852434425574,4.7761827540376265,4.80051307364968,4.824843393261732,4.849173712873784,4.873504032485838,4.89783435209789,4.922164671709942,4.9464949913219955,4.970825310934048,4.9951556305461,5.0194859501581535,5.043816269770206,5.068146589382258,5.092476908994311,5.116807228606364,5.141137548218416,5.165467867830469,5.189798187442522,5.214128507054574,5.238458826666627,5.2627891462786796,5.287119465890732,5.311449785502785,5.3357801051148375,5.36011042472689,5.384440744338943,5.408771063950995,5.433101383563048,5.457431703175101,5.481762022787153,5.506092342399206,5.530422662011258,5.554752981623311,5.579083301235364,5.603413620847416,5.627743940459469,5.6520742600715215,5.676404579683574,5.700734899295627,5.725065218907679,5.749395538519732,5.773725858131785,5.798056177743837,5.82238649735589,5.846716816967943,5.871047136579995,5.895377456192048,5.919707775804101,5.944038095416153,5.9683684150282055,5.992698734640259,6.017029054252311,6.041359373864363,6.065689693476417,6.090020013088469,6.114350332700521,6.1386806523125745,6.163010971924627,6.187341291536679,6.2116716111487325,6.236001930760785,6.260332250372837,6.28466256998489,6.308992889596943,6.333323209208995,6.357653528821048,6.381983848433101,6.406314168045153,6.430644487657206,6.4549748072692585,6.479305126881311,6.503635446493364,6.5279657661054165,6.552296085717469,6.576626405329522,6.600956724941574,6.625287044553627,6.64961736416568,6.673947683777732,6.698278003389785,6.722608323001838,6.74693864261389,6.7712689622259425,6.795599281837996,6.819929601450048,6.8442599210621005,6.868590240674154]}