{"x":[0.303,0.304,0.305,0.306,0.307,0.308,0.309,0.31,0.311,0.312,0.313,0.314,0.315,0.316,0.317,0.318,0.319,0.32,0.321,0.322,0.323,0.324,0.325,0.326,0.327,0.328,0.329,0.33,0.331,0.332,0.333],"y":[1.8859233680597347,1.8897972555650921,1.893661515791442,1.8975161844300517,1.901361296995981,1.9051968888291708,1.9090229950955246,1.9128396507879701,1.9166468907275305,1.9204447495643735,1.9242332617788593,1.9280124616825791,1.9317823834193883,1.9355430609664264,1.9392945281351386,1.9430368185722784,1.9467699657609154,1.9504940030214253,1.9542089635124769,1.9579148802320157,1.9616117860182294,1.9652997135505235,1.96897869535047,1.9726487637827659,1.9763099510561728,1.979962289224462,1.9836058101873366,1.987240545691363,1.9908665273308879,1.9944837865489449,1.9980923546381644]}