{"x":[0,1,2,3,4,5,6,7,8,9,10,11,12,13,14,15,16,17,18,19,20,21,22,23,24,25,26,27,28,29,30,31,32,33,34,35,36,37,38,39,40,41,42,43,44,45,46,47,48,49,50,51,52,53,54,55,56,57,58,59,60,61,62,63,64,65,66,67,68,69,70,71,72,73,74,75,76,77,78,79,80,81,82,83,84,85,86,87,88,89,90,91,92,93,94,95,96,97,98,99],"y":[3.9188769130795706,3.9980057148236923,4.077134516567814,4.156263318311936,4.235392120056058,4.314520921800179,4.393649723544302,4.472778525288423,4.551907327032545,4.631036128776667,4.710164930520788,4.789293732264911,4.868422534009032,4.947551335753154,5.026680137497276,5.105808939241397,5.18493774098552,5.264066542729641,5.343195344473763,5.422324146217885,5.501452947962006,5.580581749706129,5.65971055145025,5.738839353194372,5.8179681549384945,5.897096956682615,5.976225758426738,6.055354560170859,6.134483361914981,6.2136121636591035,6.292740965403224,6.371869767147347,6.450998568891468,6.53012737063559,6.6092561723797125,6.688384974123833,6.767513775867956,6.846642577612077,6.925771379356199,7.0049001811003215,7.084028982844442,7.163157784588565,7.242286586332686,7.321415388076808,7.4005441898209305,7.479672991565051,7.558801793309174,7.637930595053295,7.717059396797417,7.7961881985415395,7.87531700028566,7.954445802029783,8.033574603773905,8.112703405518026,8.191832207262149,8.27096100900627,8.350089810750392,8.429218612494514,8.508347414238635,8.587476215982758,8.666605017726878,8.745733819471,8.824862621215123,8.903991422959244,8.983120224703367,9.062249026447487,9.14137782819161,9.220506629935732,9.299635431679853,9.378764233423976,9.457893035168096,9.537021836912219,9.616150638656341,9.695279440400462,9.774408242144585,9.853537043888705,9.932665845632828,10.01179464737695,10.090923449121071,10.170052250865194,10.249181052609314,10.328309854353437,10.40743865609756,10.48656745784168,10.565696259585803,10.644825061329923,10.723953863074046,10.803082664818168,10.882211466562289,10.961340268306412,11.040469070050532,11.119597871794655,11.198726673538777,11.277855475282898,11.35698427702702,11.436113078771141,11.515241880515264,11.594370682259386,11.673499484003507,11.75262828574763]}