{"x":[0,0.006666666666666667,0.013333333333333334,0.02,0.02666666666666667,0.03333333333333333,0.04,0.04666666666666667,0.05333333333333334,0.06,0.06666666666666667,0.07333333333333333,0.08,0.08666666666666667,0.09333333333333334,0.1,0.10666666666666667,0.11333333333333333,0.12,0.12666666666666668,0.13333333333333333,0.14,0.14666666666666667,0.15333333333333332,0.16,0.16666666666666666,0.17333333333333334,0.18,0.18666666666666668,0.19333333333333333,0.2,0.20666666666666667,0.21333333333333335,0.22,0.22666666666666666,0.23333333333333334,0.24,0.24666666666666667,0.25333333333333335,0.26,0.26666666666666666,0.2733333333333333,0.28,0.2866666666666667,0.29333333333333333,0.3,0.30666666666666664,0.31333333333333335,0.32,0.32666666666666666,0.3333333333333333,0.34,0.3466666666666667,0.35333333333333333,0.36,0.36666666666666664,0.37333333333333335,0.38,0.38666666666666666,0.3933333333333333,0.4,0.4066666666666667,0.41333333333333333,0.42,0.4266666666666667,0.43333333333333335,0.44,0.44666666666666666,0.4533333333333333,0.46,0.4666666666666667,0.47333333333333333,0.48,0.4866666666666667,0.49333333333333335,0.5,0.5066666666666667,0.5133333333333333,0.52,0.5266666666666666,0.5333333333333333,0.54,0.5466666666666666,0.5533333333333333,0.56,0.5666666666666667,0.5733333333333334,0.58,0.5866666666666667,0.5933333333333334,0.6,0.6066666666666667,0.6133333333333333,0.62,0.6266666666666667,0.6333333333333333,0.64,0.6466666666666666,0.6533333333333333,0.66,0.6666666666666666,0.6733333333333333,0.68,0.6866666666666666,0.6933333333333334,0.7,0.7066666666666667,0.7133333333333334,0.72,0.7266666666666667,0.7333333333333333,0.74,0.7466666666666667,0.7533333333333333,0.76,0.7666666666666667,0.7733333333333333,0.78,0.7866666666666666,0.7933333333333333,0.8,0.8066666666666666,0.8133333333333334,0.82,0.8266666666666667,0.8333333333333334,0.84,0.8466666666666667,0.8533333333333334,0.86,0.8666666666666667,0.8733333333333333,0.88,0.8866666666666667,0.8933333333333333,0.9,0.9066666666666666,0.9133333333333333,0.92,0.9266666666666666,0.9333333333333333,0.94,0.9466666666666667,0.9533333333333334,0.96,0.9666666666666667,0.9733333333333334,0.98,0.9866666666666667,0.9933333333333333],"y":[0.05868276616477863,0.1042064508060483,0.14973013544731797,0.19525382008858763,0.24077750472985732,0.286301189371127,0.33182487401239663,0.37734855865366634,0.422872243294936,0.46839592793620566,0.5139196125774753,0.559443297218745,0.6049669818600146,0.6504906665012844,0.696014351142554,0.7415380357838237,0.7870617204250934,0.8325854050663629,0.8781090897076327,0.9236327743489025,0.969156458990172,1.0146801436314417,1.0602038282727113,1.105727512913981,1.1512511975552506,1.1967748821965203,1.2422985668377902,1.2878222514790596,1.3333459361203295,1.378869620761599,1.4243933054028688,1.4699169900441384,1.515440674685408,1.5609643593266778,1.6064880439679472,1.652011728609217,1.6975354132504867,1.7430590978917564,1.7885827825330263,1.8341064671742957,1.8796301518155654,1.925153836456835,1.970677521098105,2.0162012057393746,2.0617248903806438,2.107248575021914,2.152772259663183,2.198295944304453,2.2438196289457224,2.2893433135869925,2.3348669982282617,2.380390682869532,2.425914367510802,2.471438052152071,2.5169617367933403,2.5624854214346104,2.6080091060758805,2.6535327907171498,2.699056475358419,2.744580159999689,2.790103844640959,2.8356275292822284,2.8811512139234985,2.9266748985647677,2.972198583206038,3.017722267847307,3.063245952488577,3.1087696371298463,3.1542933217711155,3.1998170064123856,3.2453406910536557,3.290864375694925,3.336388060336195,3.3819117449774643,3.4274354296187344,3.4729591142600036,3.5184827989012737,3.564006483542543,3.609530168183813,3.655053852825082,3.7005775374663523,3.7461012221076224,3.7916249067488916,3.837148591390161,3.882672276031431,3.9281959606727,3.9737196453139703,4.0192433299552395,4.06476701459651,4.11029069923778,4.155814383879049,4.201338068520319,4.246861753161588,4.292385437802858,4.337909122444128,4.383432807085398,4.428956491726667,4.474480176367936,4.520003861009206,4.565527545650476,4.6110512302917455,4.656574914933016,4.702098599574286,4.747622284215555,4.793145968856825,4.838669653498094,4.884193338139363,4.9297170227806335,4.975240707421903,5.020764392063173,5.066288076704442,5.111811761345712,5.157335445986982,5.2028591306282514,5.2483828152695216,5.293906499910791,5.33943018455206,5.38495386919333,5.430477553834599,5.476001238475869,5.5215249231171395,5.567048607758409,5.612572292399679,5.658095977040948,5.703619661682218,5.749143346323487,5.7946670309647565,5.840190715606027,5.885714400247297,5.931238084888566,5.976761769529836,6.022285454171105,6.067809138812375,6.1133328234536455,6.158856508094915,6.204380192736184,6.249903877377453,6.295427562018723,6.340951246659993,6.3864749313012625,6.431998615942533,6.477522300583802,6.523045985225072,6.568569669866342,6.614093354507611,6.6596170391488805,6.705140723790151,6.75066440843142,6.79618809307269,6.841711777713959]}