{"x":[0,0.5,1,1.5,2,2.5,3,3.5,4,4.5,5,5.5,6,6.5,7,7.5,8,8.5,9,9.5,10,10.5,11,11.5,12],"y":[3.310942158308868,3.4724914326519323,3.634040706994996,3.7955899813380602,3.9571392556811245,4.118688530024189,4.280237804367252,4.441787078710316,4.603336353053381,4.764885627396445,4.926434901739508,5.087984176082573,5.249533450425637,5.411082724768701,5.572631999111765,5.734181273454829,5.895730547797893,6.057279822140957,6.218829096484021,6.380378370827085,6.54192764517015,6.703476919513213,6.865026193856277,7.026575468199342,7.1881247425424055]}