{"x":[11,12,13,14],"y":[4.740216656142547,4.75239003863116,4.8359477804233295,4.86054995984275]}