{"x":[0,1,2,3,4,5,6,7,8,9,10,11,12,13,14,15,16,17,18,19,20,21,22,23,24,25,26,27,28,29,30,31,32,33,34,35,36,37,38,39,40,41,42,43,44,45,46,47,48,49,50,51,52,53,54,55,56,57,58,59,60,61,62,63,64,65,66,67,68,69,70,71,72,73,74,75,76,77,78,79,80,81,82,83,84,85,86,87,88,89,90,91,92,93,94,95,96,97,98,99],"y":[0,3.388349461274108,4.0222642995700095,4.2972931434297985,4.461459358691182,4.517537835902891,4.635163449800387,4.613399036015223,4.738960432343612,4.763955272783387,4.742240750908396,4.846179584557333,4.846954250454706,4.7826960608065745,4.779697513235523,4.818473897963827,4.916893866863563,4.7925450174425706,4.859458424577173,4.889123245692451,4.848606846750621,4.915731831002632,4.861500670856901,4.923654038015508,4.821237364324333,4.929530443550425,4.931033795577445,4.9115859702736335,4.993405139500926,4.943299339205178,4.888167116164207,4.886826271654051,5.0350524669633545,4.885909197461961,4.9207897891797865,4.986493110274798,4.977172092561125,4.89861730806322,4.924575358135116,4.944978132115408,4.953502568263183,5.014021960559295,4.864672813941502,5.015800806509636,4.916696470210831,4.954322543471707,4.96371080180642,5.007388944155404,5.043537563787439,4.950533445433792,4.915057621949779,4.919171330902175,4.963987629477988,4.996254780647383,4.993828544672751,4.951335024954231,4.907945513297994,4.982199219048914,4.930250687259863,4.981524257795334,4.917054089388388,5.0390070276751775,4.890131729469504,5.036462317571208,4.98809773002909,4.898204669350064,4.9449325022447095,4.974312860252526,4.846333840108732,4.931682033206443,4.995198844284986,4.946217612213555,5.0032561396184825,4.918332753937998,5.051478590304369,4.973222322901811,4.902374699657148,4.969462013137776,4.945790471141463,4.986635373400681,5.055933944420451,4.8297429863733505,4.888202617219488,5.007879564686522,4.995236813569344,5.0015269307361425,4.991566963953777,5.006183429528835,4.970870879644008,5.04850502565499,5.097291924924834,5.086890396243559,4.967616705856945,4.984282829794812,4.960505949406862,4.86185792703684,5.006390923829102,4.990857819120309,4.954814807042094,4.958185313791573]}