{"x":[0,0.004,0.008,0.012,0.016,0.02,0.024,0.028,0.032,0.036,0.04,0.044,0.048,0.052,0.056,0.06,0.064,0.068,0.072,0.076,0.08,0.084,0.088,0.092,0.096,0.1,0.104,0.108,0.112,0.116,0.12,0.124,0.128,0.132,0.136,0.14,0.144,0.148,0.152,0.156,0.16,0.164,0.168,0.172,0.176,0.18,0.184,0.188,0.192,0.196,0.2,0.204,0.208,0.212,0.216,0.22,0.224,0.228,0.232,0.236,0.24,0.244,0.248,0.252,0.256,0.26,0.264,0.268,0.272,0.276,0.28,0.284,0.288,0.292,0.296,0.3,0.304,0.308,0.312,0.316,0.32,0.324,0.328,0.332,0.336,0.34,0.344,0.348,0.352,0.356,0.36,0.364,0.368,0.372,0.376,0.38,0.384,0.388,0.392,0.396,0.4,0.404,0.408,0.412,0.416,0.42,0.424,0.428,0.432,0.436,0.44,0.444,0.448,0.452,0.456,0.46,0.464,0.468,0.472,0.476,0.48,0.484,0.488,0.492,0.496,0.5,0.504,0.508,0.512,0.516,0.52,0.524,0.528,0.532,0.536,0.54,0.544,0.548,0.552,0.556,0.56,0.564,0.568,0.572,0.576,0.58,0.584,0.588,0.592,0.596,0.6,0.604,0.608,0.612,0.616,0.62,0.624,0.628,0.632,0.636,0.64,0.644,0.648,0.652,0.656,0.66,0.664,0.668,0.672,0.676,0.68,0.684,0.688,0.692,0.696,0.7,0.704,0.708,0.712,0.716,0.72,0.724,0.728,0.732,0.736,0.74,0.744,0.748,0.752,0.756,0.76,0.764,0.768,0.772,0.776,0.78,0.784,0.788,0.792,0.796,0.8,0.804,0.808,0.812,0.816,0.82,0.824,0.828,0.832,0.836,0.84,0.844,0.848,0.852,0.856,0.86,0.864,0.868,0.872,0.876,0.88,0.884,0.888,0.892,0.896,0.9,0.904,0.908,0.912,0.916,0.92,0.924,0.928,0.932,0.936,0.94,0.944,0.948,0.952,0.956,0.96,0.964,0.968,0.972,0.976,0.98,0.984,0.988,0.992,0.996],"y":[0,0.00015971735787255473,0.0003194245315257951,0.00047912152193376996,0.000638808330070404,0.0007984849569094981,0.0009581514034247283,0.0011178076705896467,0.0012774537593776818,0.0014370896707621371,0.0015967154057161934,0.0017563309652129054,0.0019159363502252059,0.0020755315617259013,0.0022351166006876768,0.002394691468083091,0.0025542561648845804,0.0027138106920644566,0.002873355050594907,0.003032889241447996,0.0031924132655956642,0.0033519271240097267,0.0035114308176618756,0.0036709243475236816,0.003830407714566587,0.003989880919761914,0.004149343964080858,0.004308796848494495,0.004468239573973772,0.004627672141489518,0.004787094552012432,0.004946506806513094,0.0051059089059619575,0.005265300851329357,0.005424682643585497,0.005584054283700463,0.005743415772644214,0.005902767111386589,0.0060621083008973,0.006221439342145937,0.006380760236101966,0.006540070983734731,0.00669937158601345,0.006858662043907219,0.00701794235838501,0.007177212530415676,0.007336472560967939,0.0074957224510104,0.007654962201511543,0.007814191813439718,0.007973411287763162,0.008132620625449982,0.008291819827468164,0.008451008894785571,0.008610187828369944,0.008769356629188896,0.00892851529820992,0.00908766383640039,0.009246802244727547,0.009405930524158517,0.009565048675660303,0.00972415670019978,0.009883254598743701,0.010042342372258699,0.010201420021711283,0.010360487548067836,0.010519544952294622,0.010678592235357779,0.010837629398223322,0.010996656441857149,0.011155673367225026,0.0113146801752926,0.0114736768670254,0.011632663443388825,0.011791639905348155,0.011950606253868547,0.012109562489915031,0.01226850861445252,0.012427444628445802,0.01258637053285954,0.01274528632865828,0.01290419201680644,0.013063087598268316,0.01322197307400808,0.01338084844498979,0.013539713712177371,0.013698568876534629,0.01385741393902525,0.014016248900612795,0.014175073762260702,0.014333888524932292,0.014492693189590749,0.01465148775719915,0.014810272228720443,0.014969046605117461,0.015127810887352896,0.015286565076389338,0.015445309173189245,0.015604043178714949,0.01576276709392867,0.0159214809197925,0.016080184657268404,0.01623887830731823,0.016397561870903715,0.016556235348986446,0.01671489874252791,0.016873552052489475,0.01703219527983236,0.01719082842551769,0.017349451490506457,0.017508064475759526,0.017666667382237648,0.01782526021090145,0.017983842962711435,0.01814241563862798,0.018300978239611354,0.018459530766621685,0.01861807322061899,0.01877660560256317,0.01893512791341399,0.0190936401541311,0.019252142325674033,0.019410634429002187,0.019569116465074848,0.01972758843485119,0.019886050339290234,0.020044502179350908,0.020202943955992016,0.020361375670172217,0.020519797322850076,0.020678208914984023,0.02083661044753236,0.02099500192145328,0.02115338333770486,0.021311754697245024,0.021470116001031606,0.02162846725002231,0.02178680844517471,0.021945139587446264,0.02210346067779432,0.02226177171717607,0.02242007270654862,0.02257836364686896,0.02273664453909391,0.02289491538418021,0.023053176183084483,0.02321142693676319,0.023369667646172713,0.023527898312269292,0.023686118936009044,0.023844329518347966,0.024002530060241944,0.02416072056264675,0.02431890102651799,0.024477071452811198,0.02463523184248177,0.024793382196484966,0.02495152251577595,0.02510965280130975,0.02526777305404127,0.025425883274925294,0.025583983464916506,0.025742073624969435,0.025900153756038508,0.026058223859078043,0.026216283935042203,0.026374333984885055,0.026532374009560555,0.026690404010022498,0.026848423987224597,0.027006433942120427,0.027164433875663443,0.027322423788806973,0.02748040368250425,0.027638373557708353,0.02779633341537226,0.027954283256448824,0.02811222308189077,0.02827015289265071,0.028428072689681148,0.028585982473934426,0.028743882246362807,0.02890177200791843,0.029059651759553277,0.029217521502219245,0.029375381236868107,0.02953323096445149,0.029691070685920935,0.029848900402227835,0.030006720114323475,0.030164529823159012,0.0303223295296855,0.030480119234853848,0.030637898939614855,0.030795668644919217,0.030953428351717473,0.031111178060960067,0.03126891777359733,0.03142664749057945,0.0315843672128565,0.03174207694137844,0.031899776677095114,0.03205746642095622,0.03221514617391139,0.032372815936910056,0.0325304757109016,0.03268812549683526,0.03284576529566013,0.03300339510832521,0.033161014935779394,0.033318624778971406,0.03347622463884991,0.0336338145163634,0.03379139441246028,0.03394896432808881,0.03410652426419715,0.03426407422173335,0.034421614201645294,0.03457914420488079,0.03473666423238751,0.03489417428511302,0.03505167436400472,0.035209164470009956,0.035366644604075896,0.03552411476714963,0.03568157496017812,0.03583902518410817,0.0359964654398865,0.03615389572845973,0.036311316050774305,0.0364687264077766,0.03662612680041283,0.036783517229629116,0.03694089769637145,0.037098268201585724,0.03725562874621766,0.037412979331212924,0.03757031995751703,0.03772765062607535,0.03788497133783318,0.038042282093735676,0.03819958289472786,0.03835687374175466,0.03851415463576088,0.03867142557769118,0.03882868656849014,0.038985937609102184,0.03914317870047163,0.039300409843542695,0.03945763103925945]}