{"x":[0,1,2,3,4,5,6,7,8,9,10,11,12,13,14,15,16,17,18,19,20,21,22,23,24,25,26,27,28,29,30,31,32,33,34,35,36,37,38,39,40,41,42,43,44,45,46,47,48,49,50,51,52,53,54,55,56,57,58,59,60,61,62,63,64,65,66,67,68,69,70,71,72,73,74,75,76,77,78,79,80,81,82,83,84,85,86,87,88,89,90,91,92,93,94,95,96,97,98,99],"y":[0,3.3331635733278975,4.011163628166339,4.271166067455871,4.502381734961,4.55129493464572,4.585144650401103,4.6666788890704325,4.660811857637203,4.7168075045549305,4.7590094406447765,4.711191543969923,4.7490687593524585,4.898540420462112,4.790236526837202,4.845396486886691,4.838897166061305,4.8747876177459935,4.8784444046403985,4.969102465770549,4.9056383158236425,4.912504478390445,4.822339299966856,4.910754087667972,4.839322344780435,4.873666494378768,4.864832559523341,4.90397572476218,4.92977673466766,4.913632861313259,5.0123249981877835,4.923318097194008,4.890892681774802,4.908444098519634,4.992476233714127,5.013874455867405,4.895371310683438,4.941913464716318,4.930200351813415,4.877345276930361,4.909156965707747,5.004060472013384,4.928704252983083,4.9522224076302335,4.854332722224133,4.873298298260322,4.940471104131153,4.974264164049724,4.994053436115095,4.997353790388479,4.9810761344569325,4.895935220973618,4.950517327852126,5.032272242895133,4.968037004965555,5.038265213289964,4.93606180545691,4.958480737938739,4.976637372828267,4.974273979383367,4.950285804221551,4.8820331148888325,4.962141838481325,5.040611291367427,4.92652931745431,4.870530711359959,4.961172577576328,4.984121268776486,4.936502653149708,4.914725820334683,4.903201918700619,5.026097301294731,4.949503690092994,4.9594124875717505,5.024946708521843,4.8809585992498565,4.985788191029997,5.003288774677571,5.036137056846209,4.920615105036581,5.0639419712401645,4.948537361027054,4.916304245850781,5.00006086495089,5.008282040197543,4.979228204602997,4.971093560523086,5.0072282729421,4.930164672661336,4.915185947770404,4.946769141723689,4.9860339844799375,4.937187264849607,4.973001926314983,5.0577604475001126,4.977707873372812,5.020460952918534,5.049265267940917,5.050733971051999,4.984996378846647]}