{"x":[0,0.006666666666666667,0.013333333333333334,0.02,0.02666666666666667,0.03333333333333333,0.04,0.04666666666666667,0.05333333333333334,0.06,0.06666666666666667,0.07333333333333333,0.08,0.08666666666666667,0.09333333333333334,0.1,0.10666666666666667,0.11333333333333333,0.12,0.12666666666666668,0.13333333333333333,0.14,0.14666666666666667,0.15333333333333332,0.16,0.16666666666666666,0.17333333333333334,0.18,0.18666666666666668,0.19333333333333333,0.2,0.20666666666666667,0.21333333333333335,0.22,0.22666666666666666,0.23333333333333334,0.24,0.24666666666666667,0.25333333333333335,0.26,0.26666666666666666,0.2733333333333333,0.28,0.2866666666666667,0.29333333333333333,0.3,0.30666666666666664,0.31333333333333335,0.32,0.32666666666666666,0.3333333333333333,0.34,0.3466666666666667,0.35333333333333333,0.36,0.36666666666666664,0.37333333333333335,0.38,0.38666666666666666,0.3933333333333333,0.4,0.4066666666666667,0.41333333333333333,0.42,0.4266666666666667,0.43333333333333335,0.44,0.44666666666666666,0.4533333333333333,0.46,0.4666666666666667,0.47333333333333333,0.48,0.4866666666666667,0.49333333333333335,0.5,0.5066666666666667,0.5133333333333333,0.52,0.5266666666666666,0.5333333333333333,0.54,0.5466666666666666,0.5533333333333333,0.56,0.5666666666666667,0.5733333333333334,0.58,0.5866666666666667,0.5933333333333334,0.6,0.6066666666666667,0.6133333333333333,0.62,0.6266666666666667,0.6333333333333333,0.64,0.6466666666666666,0.6533333333333333,0.66,0.6666666666666666,0.6733333333333333,0.68,0.6866666666666666,0.6933333333333334,0.7,0.7066666666666667,0.7133333333333334,0.72,0.7266666666666667,0.7333333333333333,0.74,0.7466666666666667,0.7533333333333333,0.76,0.7666666666666667,0.7733333333333333,0.78,0.7866666666666666,0.7933333333333333,0.8,0.8066666666666666,0.8133333333333334,0.82,0.8266666666666667,0.8333333333333334,0.84,0.8466666666666667,0.8533333333333334,0.86,0.8666666666666667,0.8733333333333333,0.88,0.8866666666666667,0.8933333333333333,0.9,0.9066666666666666,0.9133333333333333,0.92,0.9266666666666666,0.9333333333333333,0.94,0.9466666666666667,0.9533333333333334,0.96,0.9666666666666667,0.9733333333333334,0.98,0.9866666666666667,0.9933333333333333],"y":[0,0.06859407621887477,0.12205497737322388,0.18940696619397576,0.25547913979529785,0.2718898001706306,0.3810004068522415,0.4038735836827699,0.5363605020011454,0.6034385975034933,0.6463887083650326,0.691235304569881,0.6858356584775559,0.6343202676412841,0.6962583123432525,0.8462745620435477,0.7547762010563724,0.9962844434309569,1.0121917856792642,1.066143181312987,1.029096676482853,1.015324210595506,1.1294592706106483,1.308313823261452,1.0824665881786175,1.0926090469636924,1.3390664897294418,1.4618426652879069,1.1330937818479176,1.5232127480255104,1.2810031147732612,1.3236679895116155,1.6607367385836271,1.609152287963414,1.6996406221409788,1.749044362923164,1.4404263426455137,1.5231642593131038,1.6220377067898193,1.5965514265045366,1.477366281733201,1.7858273976158956,2.1325400562995225,1.8947203464212499,1.8617433501255103,1.940881695751519,2.1274552211373687,1.6226310817264313,1.6492715209772573,1.8685743946041653,1.5358929127230585,2.1583893533944116,1.9473739120626736,1.9615510325407448,2.1877172314659004,1.5866283413799334,2.4072950242955766,1.8911977076074429,1.9286472462379236,2.4971308726287322,2.46475144754775,2.0983007369440787,2.278610372423424,2.0455366182415995,1.9904574517806635,2.600889114982532,2.179097636583511,2.2352659880053176,2.23026880569528,2.434796169059431,2.281783031934179,2.398549109337372,2.572274448761255,2.5711097140263175,2.363648012876774,2.4104055166419682,3.0200829816785153,2.401488560088459,2.4172499484358974,2.4422583076854107,2.2041186294381547,3.0071472062927405,2.6606209432059855,2.482097496735516,2.341854387457213,2.5356956543664513,2.7244916345817134,2.358443714765003,3.0188421518559276,2.5723465676691535,2.532808179899246,2.5776962984867127,3.036837576910039,2.9057156159059097,2.6487058476820304,2.953874188651116,3.143234019605869,2.96648224566209,2.663410043518337,2.7952881981081816,2.913108723716905,3.1272209291351523,2.8599561139972414,3.622990407448852,2.492124406489557,3.1804087528485194,2.869162999629296,3.15376951255793,3.057294895196256,2.930830005131034,2.6562869636836846,3.077752748847256,3.1882389626345615,2.8014095773022687,2.6544399131387,3.2012093575678304,3.2670070800850866,3.280003695927211,2.705303040232355,3.603927764482116,3.167310035422685,3.002878974213354,2.9050445834831855,2.9958529201889847,3.1438973621835298,2.602101509121648,2.961845223137945,3.1177615209073655,3.88449883000321,3.138511287790746,2.995194242126976,3.703485807168857,3.776211312352187,3.419572844377453,3.6399436732969024,3.0043707898352214,3.538096912343841,3.2491131388556536,3.164839294035261,3.3741997533018506,3.2944067481660957,3.275520067355077,3.878701609210464,3.488625066850377,3.328680965168572,3.033986093593571,3.022239839350711,3.518641006315134,3.0768551631501015,3.6146684107412392]}