{"x":{"0":0.003472729090731,"1":0.003472729090731,"2":0.00765760630315,"3":0.008896451624176,"4":0.010177547610409,"5":0.010177547610409,"6":0.014353771573814,"7":0.014353771573814,"8":0.020182274361145,"9":0.020182274361145,"10":0.035469325366974,"11":0.035469325366974,"12":0.058838660348511,"13":0.099744282049439,"14":0.099744282049439,"15":0.099744282049439,"16":0.099744282049439,"17":0.1198115857771,"18":0.139955380627808,"19":0.139955380627808,"20":0.179266589624268,"21":0.200278416317871,"22":0.349642672978272,"23":0.400308358546143,"24":0.450312151779053,"25":0.450312151779053,"26":0.500408914275879,"27":0.55042243164624,"28":0.600335737508057,"29":0.600335737508057,"30":0.650337089534912,"31":0.700148963285156,"32":0.750512102049316,"33":0.800117327707031,"34":0.950249058864258,"35":0.950249058864258,"36":1.00046784097705,"37":1.00046784097705},"y":{"0":0.373364820251917,"1":0.373364820251917,"2":0.528921390123202,"3":0.560292282873847,"4":0.586536046896914,"5":0.586536046896914,"6":0.650031695716379,"7":0.650031695716379,"8":0.712416067390115,"9":0.712416067390115,"10":0.817998070599066,"11":0.817998070599066,"12":0.92869847285591,"13":1.0776530940581,"14":1.0776530940581,"15":1.0776530940581,"16":1.0776530940581,"17":1.14363848417445,"18":1.20708412171693,"19":1.20708412171693,"20":1.32537930575155,"21":1.3856096254102,"22":1.77624623502315,"23":1.89900458387507,"24":2.01755397057835,"25":2.01755397057835,"26":2.13272732975281,"27":2.24430984137704,"28":2.35284296949331,"29":2.35284296949331,"30":2.45850067860805,"31":2.56408018734814,"32":2.66721706085337,"33":2.76775080995775,"34":3.05160076887291,"35":3.05160076887291,"36":3.14399353455262,"37":3.14399353455262},"BET":{"sampledData":{"x":[0.139955380627808,0.139955380627808,0.179266589624268,0.200278416317871],"y":[1.3925911427975246,1.3925911427975246,1.4799649620410924,1.520603970950217]},"regression":{"slope":2.1431829796966597,"intercept":1.0931048859642218},"score":0.9991542151972668,"vm":0.30899599835065666}}