{"x":[0,0.01,0.02,0.03,0.04,0.05,0.06,0.07,0.08,0.09,0.1,0.11,0.12,0.13,0.14,0.15,0.16,0.17,0.18,0.19,0.2,0.21,0.22,0.23,0.24,0.25,0.26,0.27,0.28,0.29,0.3,0.31,0.32,0.33,0.34,0.35,0.36,0.37,0.38,0.39,0.4,0.41,0.42,0.43,0.44,0.45,0.46,0.47,0.48,0.49,0.5,0.51,0.52,0.53,0.54,0.55,0.56,0.57,0.58,0.59,0.6,0.61,0.62,0.63,0.64,0.65,0.66,0.67,0.68,0.69,0.7,0.71,0.72,0.73,0.74,0.75,0.76,0.77,0.78,0.79,0.8,0.81,0.82,0.83,0.84,0.85,0.86,0.87,0.88,0.89,0.9,0.91,0.92,0.93,0.94,0.95,0.96,0.97,0.98,0.99],"y":[0,0.09849234435344333,0.19212724496976605,0.2839618235843418,0.36310307928164187,0.44775191817269616,0.5376767897139171,0.6122898294615321,0.7031405576415785,0.7558886802199413,0.8230482721127995,0.9044549246200367,0.966509118920505,1.039208706847388,1.0772829059901206,1.1451114605036203,1.2157680941469784,1.2742246194668614,1.305974173019108,1.3862671237104875,1.4372404303759057,1.49563220974299,1.5099784730801151,1.5605662766782742,1.6230930635328118,1.6715430712365351,1.7306625701661618,1.7477704500436355,1.7896133411302426,1.8392622616643153,1.8392114817428364,1.9137336440872241,1.931588859173048,1.9920369663208897,2.0108550652298716,2.0458224639032774,2.1239129636455787,2.095932837228336,2.1450155499542642,2.190312292403462,2.2760043064685482,2.2602627430802396,2.2659565377575315,2.344725541374479,2.3540527795143706,2.3675959967303815,2.4024299237265074,2.4033233641565177,2.42309771220867,2.4669065395230914,2.4966036742639233,2.5299392555342557,2.56635252317304,2.576058490717999,2.5861835335459196,2.6376780797491226,2.607515940764409,2.623261891937919,2.7425862595374917,2.713613589099947,2.7261366803661793,2.7338466202443916,2.727982397684841,2.760875583588308,2.795758481671171,2.850036989881878,2.8298876595377376,2.8723027528471845,2.859209108259547,2.9430919325539358,2.9080537352400806,2.914481110371426,2.9618437365154677,2.986183607159312,2.939981989825089,3.058923407612456,2.9993622595829352,3.0319913049847393,3.0668811098723676,3.109336873600165,3.0542805282021415,3.073695402498568,3.0794451234862237,3.1637541145967547,3.134756261003225,3.2049099183370764,3.1564707165024104,3.1993524354627327,3.172283906120352,3.216083539276858,3.211590441514713,3.2244916602390683,3.2095344559995613,3.2924665549326138,3.3543346463043324,3.3075248167100457,3.2476075289782496,3.2878355304205966,3.314419524573307,3.2692484143440055]}