{"x":[0,0.004,0.008,0.012,0.016,0.02,0.024,0.028,0.032,0.036,0.04,0.044,0.048,0.052,0.056,0.06,0.064,0.068,0.072,0.076,0.08,0.084,0.088,0.092,0.096,0.1,0.104,0.108,0.112,0.116,0.12,0.124,0.128,0.132,0.136,0.14,0.144,0.148,0.152,0.156,0.16,0.164,0.168,0.172,0.176,0.18,0.184,0.188,0.192,0.196,0.2,0.204,0.208,0.212,0.216,0.22,0.224,0.228,0.232,0.236,0.24,0.244,0.248,0.252,0.256,0.26,0.264,0.268,0.272,0.276,0.28,0.284,0.288,0.292,0.296,0.3,0.304,0.308,0.312,0.316,0.32,0.324,0.328,0.332,0.336,0.34,0.344,0.348,0.352,0.356,0.36,0.364,0.368,0.372,0.376,0.38,0.384,0.388,0.392,0.396,0.4,0.404,0.408,0.412,0.416,0.42,0.424,0.428,0.432,0.436,0.44,0.444,0.448,0.452,0.456,0.46,0.464,0.468,0.472,0.476,0.48,0.484,0.488,0.492,0.496,0.5,0.504,0.508,0.512,0.516,0.52,0.524,0.528,0.532,0.536,0.54,0.544,0.548,0.552,0.556,0.56,0.564,0.568,0.572,0.576,0.58,0.584,0.588,0.592,0.596,0.6,0.604,0.608,0.612,0.616,0.62,0.624,0.628,0.632,0.636,0.64,0.644,0.648,0.652,0.656,0.66,0.664,0.668,0.672,0.676,0.68,0.684,0.688,0.692,0.696,0.7,0.704,0.708,0.712,0.716,0.72,0.724,0.728,0.732,0.736,0.74,0.744,0.748,0.752,0.756,0.76,0.764,0.768,0.772,0.776,0.78,0.784,0.788,0.792,0.796,0.8,0.804,0.808,0.812,0.816,0.82,0.824,0.828,0.832,0.836,0.84,0.844,0.848,0.852,0.856,0.86,0.864,0.868,0.872,0.876,0.88,0.884,0.888,0.892,0.896,0.9,0.904,0.908,0.912,0.916,0.92,0.924,0.928,0.932,0.936,0.94,0.944,0.948,0.952,0.956,0.96,0.964,0.968,0.972,0.976,0.98,0.984,0.988,0.992,0.996],"y":[0,0.04012401948338113,0.07850523730570282,0.11618509184630908,0.15574145939465653,0.19205366196348606,0.22349530245077218,0.26425008121417826,0.3005316182613333,0.3338979362220389,0.36935950402584883,0.39585615036115507,0.435090120394145,0.4690758124442752,0.49820224416311476,0.5314599098129494,0.5692826636419036,0.5859704014645568,0.6438565842121089,0.6466719392980852,0.6889884255703511,0.7160350614437874,0.759983247084944,0.7778326782540113,0.7898076982388648,0.8340077457393998,0.8624073954734496,0.8961387916569034,0.9298293472059941,0.9418237296268651,0.96886021794959,0.9879048938163065,1.0207972602626207,1.038474745015304,1.0638151321754314,1.0878910777790995,1.1265241161240944,1.158113944595974,1.1596693642760878,1.2064825057683632,1.2170388279285476,1.2301453278120997,1.2654024339713206,1.2938992244508265,1.2920500696553996,1.3512172588449871,1.339568521912941,1.368716442829877,1.3745115928617004,1.4299654299607445,1.4315780480961255,1.4477073838868249,1.456634893249842,1.4951028470514856,1.5069054147242475,1.5182279325081323,1.531539809982949,1.5679800525213001,1.5549493299033796,1.5914223661124707,1.6171794221197933,1.6365706362342232,1.636019092928204,1.6701569793278432,1.7080481173237407,1.703584481303206,1.722918209473325,1.7495662307966682,1.7824604706744316,1.755819407118172,1.7959084811806085,1.7783413023399606,1.8272786828041732,1.848379177881291,1.8376419968069695,1.8773353140561706,1.8819528206887632,1.90691210234223,1.9287072771987894,1.909287503460889,1.9572599912172206,1.9875024406450863,1.9889119673320046,1.989765858956896,1.9631140974788317,2.026489744599771,2.0531088242754576,2.0708818559539885,2.063644179588565,2.0677809393943436,2.1335974362364647,2.077379868222263,2.167495883513682,2.1328458865819773,2.170912634903991,2.188266749193338,2.15224553921924,2.201815999066393,2.207865537998507,2.1981647375792526,2.190602178755297,2.250845718405739,2.255369324435473,2.2516763208113972,2.291919386793899,2.3261039107766774,2.267594896477792,2.2941050028448573,2.335028916999268,2.3774600895558775,2.3272790671146977,2.3675087990868846,2.3555986380989102,2.357256452089023,2.361020282991607,2.4061954564020427,2.4104562420883573,2.428477763416588,2.4298078724665593,2.4373484914110954,2.462971123649631,2.479976340200315,2.462581510234149,2.505823795159534,2.5121817132680437,2.5195784629335414,2.508652411252147,2.5089253339636737,2.5386511050696376,2.5052987430850187,2.6130102018609227,2.515490744154069,2.610440671245362,2.577365176788298,2.610817712754302,2.6027973580257204,2.58056066147533,2.615852179599882,2.5914383599753568,2.6270119962092995,2.675798930833722,2.6238689617071516,2.6666281952230846,2.6900317029882124,2.656203442016183,2.7052337801457536,2.735835827444106,2.7227545428096405,2.7080385881811195,2.7441683535877415,2.674432409445216,2.7555323569252015,2.735383176629056,2.753702968033454,2.726048959259922,2.7431788084224906,2.7709915349494203,2.7908112717144253,2.748130427615299,2.8391989488242224,2.7481494487205644,2.7885703911050874,2.910350670021401,2.896630999110652,2.9157129087354194,2.872549448130913,2.867896946841728,2.867251015261018,2.8881272060439738,2.8978138862114236,2.866870737304104,2.86577022564489,2.926719870566395,2.904738420570464,2.884919735542527,2.8844362975000015,2.9087363123294563,2.896642453801938,2.884618325208271,2.954448260641712,2.9728451248759127,2.9506680001530263,2.96860791817974,2.9476126960000264,2.982439451403158,2.9339661644289867,2.953601357758205,3.0349389792216184,2.9953496229198002,2.9697081653438393,3.0250188375772913,3.066155818887894,3.0361260709976983,3.0609338044539505,3.0440605299422376,2.9817669907597804,3.042612988071143,3.052913488706312,3.1079860130711223,3.1038893991219845,3.120095030900984,3.0896085014249945,3.1167884297821957,3.1194241183576596,3.0909292462454396,3.103763785593755,3.0491587686171067,3.1368641289758163,3.0792594984134927,3.1398516778719743,3.105400606926109,3.1284334472166075,3.1572523543517015,3.1897894040101673,3.181740071535869,3.146868539351161,3.1773934568152353,3.200685899183201,3.1820273116428153,3.150136904850525,3.154766454513191,3.2451566042022773,3.2600917820241535,3.2014070982931826,3.1949914591400828,3.1504501762739117,3.1727392126572243,3.2380116998896193,3.1932777201654994,3.2580937703505777,3.2456099935168248,3.1978732456520804,3.179389987390429,3.245287512306619,3.2992770112954917,3.256421565267557,3.2548343997746496,3.26939830814683,3.2652914563665,3.303338030161443,3.3029603986114693,3.2532200670283977,3.2972324318144306,3.2847990165694165,3.3145397224031337,3.265429388541971,3.2973656736728283,3.3407393027482892,3.315568987782762,3.3443345948155465]}