{"x":[0,0.5,1,1.5,2,2.5,3,3.5,4,4.5,5,5.5,6,6.5,7,7.5,8,8.5,9,9.5,10,10.5,11,11.5,12],"y":[0,2.33595428587004,3.50980194548795,3.7931552967098585,3.9617732906871272,4.285872970978581,5.087583143160445,4.373604411678959,4.455237872722082,4.847659115323495,4.640720569849279,3.5744709229582146,5.153930611361995,4.549770827883966,4.606784560982516,4.761686983812409,4.683750113083156,4.9882872497840935,5.134293433366832,4.779590958092379,4.375646558858821,4.121954823284554,4.461026470378123,5.186871879194098,3.6672550735687293]}