{"x":[0,0.004,0.008,0.012,0.016,0.02,0.024,0.028,0.032,0.036,0.04,0.044,0.048,0.052,0.056,0.06,0.064,0.068,0.072,0.076,0.08,0.084,0.088,0.092,0.096,0.1,0.104,0.108,0.112,0.116,0.12,0.124,0.128,0.132,0.136,0.14,0.144,0.148,0.152,0.156,0.16,0.164,0.168,0.172,0.176,0.18,0.184,0.188,0.192,0.196,0.2,0.204,0.208,0.212,0.216,0.22,0.224,0.228,0.232,0.236,0.24,0.244,0.248,0.252,0.256,0.26,0.264,0.268,0.272,0.276,0.28,0.284,0.288,0.292,0.296,0.3,0.304,0.308,0.312,0.316,0.32,0.324,0.328,0.332,0.336,0.34,0.344,0.348,0.352,0.356,0.36,0.364,0.368,0.372,0.376,0.38,0.384,0.388,0.392,0.396,0.4,0.404,0.408,0.412,0.416,0.42,0.424,0.428,0.432,0.436,0.44,0.444,0.448,0.452,0.456,0.46,0.464,0.468,0.472,0.476,0.48,0.484,0.488,0.492,0.496,0.5,0.504,0.508,0.512,0.516,0.52,0.524,0.528,0.532,0.536,0.54,0.544,0.548,0.552,0.556,0.56,0.564,0.568,0.572,0.576,0.58,0.584,0.588,0.592,0.596,0.6,0.604,0.608,0.612,0.616,0.62,0.624,0.628,0.632,0.636,0.64,0.644,0.648,0.652,0.656,0.66,0.664,0.668,0.672,0.676,0.68,0.684,0.688,0.692,0.696,0.7,0.704,0.708,0.712,0.716,0.72,0.724,0.728,0.732,0.736,0.74,0.744,0.748,0.752,0.756,0.76,0.764,0.768,0.772,0.776,0.78,0.784,0.788,0.792,0.796,0.8,0.804,0.808,0.812,0.816,0.82,0.824,0.828,0.832,0.836,0.84,0.844,0.848,0.852,0.856,0.86,0.864,0.868,0.872,0.876,0.88,0.884,0.888,0.892,0.896,0.9,0.904,0.908,0.912,0.916,0.92,0.924,0.928,0.932,0.936,0.94,0.944,0.948,0.952,0.956,0.96,0.964,0.968,0.972,0.976,0.98,0.984,0.988,0.992,0.996],"y":[0,0.03918553812782766,0.07846995740483094,0.1171499319928964,0.15648685174829693,0.1912264619884831,0.22958136694041603,0.26090833689193565,0.307861062512145,0.3357697656973155,0.36480416977404095,0.40746379281323764,0.43293644230026385,0.4764239279826673,0.5104507027556049,0.525506090314399,0.5575272904603844,0.5993646092896697,0.6314319517491058,0.6608966959447231,0.6832415855347682,0.7186720785161633,0.7446299670274241,0.7734355215419045,0.7963737036450907,0.8162213019397064,0.8705227212241226,0.9056231268489916,0.9257803489901363,0.9291212632755237,0.984273902392906,0.9921924996715696,1.0262409812811053,1.0409628269839626,1.070056177534363,1.0793467044774625,1.108941150258447,1.1469501000352316,1.1712375226818514,1.1917753600388405,1.2284056805569996,1.2430425840090389,1.264568697887275,1.2712096403695337,1.3197917775767891,1.3212065205094417,1.3451485679131467,1.3341961390279273,1.4002776831628687,1.3901546328513275,1.4232004515005705,1.4536423624800703,1.4956261715458365,1.4843873199090925,1.526414085421611,1.5050482302577355,1.5644482465257963,1.5612000654297555,1.5783901659888266,1.6254552737580221,1.6292283858130783,1.6629132807506373,1.644747912722372,1.6710906988004082,1.662190306344978,1.6869891041563476,1.7433499238487646,1.7344825053349187,1.787011150284837,1.76539912359391,1.7946928494665721,1.810008259179299,1.8203038312249458,1.8258613253294522,1.8731599940984336,1.8726576157695534,1.8972703917492748,1.888349440643893,1.9167587602162046,1.905247328503728,1.9561561625320847,1.9933366798547232,1.9867541512843423,2.034907264910067,2.020401353764848,2.00831106989504,2.0255116168336986,2.0293918209382937,2.0667538093744167,2.046142784827204,2.1390197013605174,2.1292285144401264,2.144922742597481,2.147394462855903,2.140220921261543,2.1631491006417627,2.2066171183637358,2.187987501535461,2.197086329133105,2.196057818089665,2.2737048120854753,2.2152351324433424,2.272325740947032,2.2879342879332643,2.2739514699949277,2.2894913943598176,2.3028460947546145,2.3146094061763014,2.3117493152534334,2.3361015031217653,2.3220520936223554,2.3327682911583323,2.3487391672019045,2.3675595291894744,2.3846117192357985,2.387799408792174,2.4287066649372275,2.4159804198980077,2.4565674400859328,2.418186946858402,2.4566839626730532,2.4232596698689592,2.4526738681128615,2.5284690104290957,2.4905287085642094,2.4877899200688507,2.4417548582884976,2.4836175583843985,2.526802269066376,2.5438212148572523,2.518641640176492,2.5731699273960538,2.5959565323419262,2.5637494273884,2.6224424225003733,2.621853953341816,2.626721743349585,2.6330379505356607,2.576065455100604,2.6067490709577346,2.6838201097255814,2.6720093350225245,2.659434562573192,2.662330040846288,2.632204685343333,2.69692490848962,2.720506178343912,2.729135651729005,2.6940130289986763,2.722896546005152,2.7842792940844987,2.7900072111688154,2.7304589232080754,2.8137916187162695,2.7132374059402586,2.7976942114200902,2.7763477890633497,2.800471060576579,2.7861181419756296,2.7643943004844345,2.8452234921696635,2.818475689372852,2.8239896988428006,2.8468100470685926,2.8088238978088715,2.808215974350188,2.8864094509695124,2.83108938585485,2.8966217938097603,2.8965479184968816,2.8897507063681793,2.8488408702327606,2.8636621712982886,2.9072956027584467,2.9100644398795983,2.96229986812197,2.9442610813540573,2.9239214081494023,2.913518106081707,2.963658026019627,2.9267140142111545,2.919132529448103,2.9969814492557774,2.936841102983918,2.956892995469129,2.9653824800198123,2.99908479370048,2.9734472380989843,2.9819993815077956,3.0536005043927155,3.0083776285298263,3.014196916246882,3.0161774084021458,3.030076637398074,3.052032289089349,3.054590846898182,3.0827015926060266,3.1222556598456097,3.034422885085164,3.088243145598282,3.110146108877455,3.1144475027248975,3.045313348078271,3.077024491821881,3.107950395876282,3.075702485624189,3.1088997138827867,3.0933161497856845,3.1101096139230764,3.141805760624753,3.1191582322775315,3.119363790086463,3.175241803907641,3.14678590306634,3.1967063859350104,3.1140332746390396,3.1185229593614214,3.165514704197686,3.210863226778224,3.202021148832371,3.1546356662442534,3.2051838407101214,3.188936481507053,3.250896902884131,3.186486381705421,3.1960991083243986,3.2803675525844898,3.223646238373821,3.237594692663436,3.2177309171570347,3.1883136486857135,3.2200056657351332,3.3161805472242465,3.231611214726785,3.1913448691589634,3.2805249538838885,3.2779673577291444,3.2409711500944924,3.2742730113329097,3.3198377352929977,3.3135705113040594,3.3162216926889116,3.2477620233314926,3.2521191551876854,3.330383791901529,3.3201911444116905,3.3340540661090268,3.2886309785987824,3.36354526765235,3.3268385031770475]}