{"x":[0,0.01,0.02,0.03,0.04,0.05,0.06,0.07,0.08,0.09,0.1,0.11,0.12,0.13,0.14,0.15,0.16,0.17,0.18,0.19,0.2,0.21,0.22,0.23,0.24,0.25,0.26,0.27,0.28,0.29,0.3,0.31,0.32,0.33,0.34,0.35,0.36,0.37,0.38,0.39,0.4,0.41,0.42,0.43,0.44,0.45,0.46,0.47,0.48,0.49,0.5,0.51,0.52,0.53,0.54,0.55,0.56,0.57,0.58,0.59,0.6,0.61,0.62,0.63,0.64,0.65,0.66,0.67,0.68,0.69,0.7,0.71,0.72,0.73,0.74,0.75,0.76,0.77,0.78,0.79,0.8,0.81,0.82,0.83,0.84,0.85,0.86,0.87,0.88,0.89,0.9,0.91,0.92,0.93,0.94,0.95,0.96,0.97,0.98,0.99],"y":[0,0.0971537966179516,0.19238353156252985,0.2788288820451472,0.3731875397354324,0.44507731189493654,0.528074062539889,0.615773605261505,0.6928340001014494,0.772696406265337,0.8420666135588308,0.8877506588521995,0.9705952794893818,1.025925678117401,1.1058221221092486,1.166243950557515,1.231642238871388,1.2816608646995926,1.322353118981777,1.4070245579687022,1.4305189791370396,1.4571514274076576,1.5431100355272447,1.5704276830214876,1.6339809274209245,1.6729350714006974,1.6959065451096738,1.752685471780776,1.8046771999373628,1.8248902202699673,1.8916538756695425,1.8704607237087292,1.9554743039781268,1.9680926199634836,2.0474582106052006,2.0773571925316663,2.076992534118343,2.147390483139026,2.144297346583996,2.2322447013738445,2.218082631892356,2.2190504000140208,2.271418359104424,2.326194811894022,2.3383904632001182,2.364728366314641,2.409138404129252,2.4581627791876857,2.451098005068547,2.5270413785006958,2.511388682840063,2.5155090687347212,2.5324611008772226,2.5860635617733863,2.5962085178026144,2.6427707414658475,2.666956754033154,2.6495878101566177,2.6863801375796075,2.753786474992709,2.7002462202223074,2.729676477638058,2.809220989466764,2.7626761155292248,2.823169773431711,2.8145028358504116,2.8240270630441753,2.8238841635744163,2.8856480703418854,2.912610919058355,2.9608950832274097,2.9663827819778676,2.934895934936545,2.979718778489577,2.9789998153138804,3.0025341478965153,3.0126728398809077,3.062119156541927,3.0639987963345834,3.150260767278417,3.05715260964579,3.100673973067885,3.1379132082103682,3.081217810503268,3.1001465990783217,3.1841391495288933,3.1364424887870554,3.149846407778716,3.1459682607511774,3.2632617451076835,3.210563329717939,3.1895834610735125,3.2631973037719613,3.3109892039503066,3.303104849962776,3.2655074445386205,3.3000733003497085,3.2835951853400185,3.296309118525566,3.3538127550744914]}