{"x":[0,0.01,0.02,0.03,0.04,0.05,0.06,0.07,0.08,0.09,0.1,0.11,0.12,0.13,0.14,0.15,0.16,0.17,0.18,0.19,0.2,0.21,0.22,0.23,0.24,0.25,0.26,0.27,0.28,0.29,0.3,0.31,0.32,0.33,0.34,0.35,0.36,0.37,0.38,0.39,0.4,0.41,0.42,0.43,0.44,0.45,0.46,0.47,0.48,0.49,0.5,0.51,0.52,0.53,0.54,0.55,0.56,0.57,0.58,0.59,0.6,0.61,0.62,0.63,0.64,0.65,0.66,0.67,0.68,0.69,0.7,0.71,0.72,0.73,0.74,0.75,0.76,0.77,0.78,0.79,0.8,0.81,0.82,0.83,0.84,0.85,0.86,0.87,0.88,0.89,0.9,0.91,0.92,0.93,0.94,0.95,0.96,0.97,0.98,0.99],"y":[0,0.09753213143237757,0.18987501223354206,0.28232474653851625,0.37399030071330386,0.4585759208312769,0.5317429850668742,0.6079565357258409,0.6864325591300912,0.7654661482172989,0.8311570831211295,0.886039659516178,0.9518587549944885,1.0370394203957098,1.1047520568906304,1.1627944635064709,1.1949808389463143,1.2576135925866192,1.3346279806749113,1.3814086128143621,1.4418456817337248,1.4855561479445654,1.5042331321248603,1.5547575025037674,1.6096953926673863,1.6726248320526225,1.7107254815675859,1.7629230468050792,1.7739452675616347,1.8488285443217496,1.885666199874367,1.9140964863998708,1.9420035369314876,2.0067719472118273,2.0095000564389296,2.0509853397930655,2.045205200758861,2.118323971638184,2.165948112471536,2.1768040865472407,2.2579440287454022,2.273892018219993,2.264772097275004,2.307227479094209,2.3844159627954586,2.348907018396568,2.385571334176095,2.4376327814622076,2.448770062355981,2.5165925757862553,2.47968322955006,2.545261829323857,2.5676743779888445,2.5669306396999394,2.565126715187826,2.62390319524377,2.638016784615814,2.6512967359675064,2.698990400087459,2.689497089895432,2.7903993779614833,2.7716418803718725,2.7909558705748276,2.7411029656838677,2.7913445666811953,2.8661154332686354,2.77340392277919,2.8603179620452153,2.8730453117131374,2.943591176700274,2.8971411149563617,2.9490575868470614,2.9531261324465223,2.9586038379310717,3.00678335326705,2.9735721220736395,3.037982066403329,3.0338519015230063,3.033789070992838,2.9899552367567472,3.0244512527817777,3.1879682461242282,3.0579024010309577,3.117761230554045,3.1366482515560685,3.2051170546685905,3.130600829971224,3.1481157630766323,3.1668073313116705,3.2202987585829224,3.21957741264295,3.284294795785905,3.2396974311487146,3.3116141374292614,3.2243074743496316,3.2947178152607197,3.2164836608032874,3.282638499051986,3.3533858351161236,3.3618925405530575]}