{"x":[0,0.01,0.02,0.03,0.04,0.05,0.06,0.07,0.08,0.09,0.1,0.11,0.12,0.13,0.14,0.15,0.16,0.17,0.18,0.19,0.2,0.21,0.22,0.23,0.24,0.25,0.26,0.27,0.28,0.29,0.3,0.31,0.32,0.33,0.34,0.35,0.36,0.37,0.38,0.39,0.4,0.41,0.42,0.43,0.44,0.45,0.46,0.47,0.48,0.49,0.5,0.51,0.52,0.53,0.54,0.55,0.56,0.57,0.58,0.59,0.6,0.61,0.62,0.63,0.64,0.65,0.66,0.67,0.68,0.69,0.7,0.71,0.72,0.73,0.74,0.75,0.76,0.77,0.78,0.79,0.8,0.81,0.82,0.83,0.84,0.85,0.86,0.87,0.88,0.89,0.9,0.91,0.92,0.93,0.94,0.95,0.96,0.97,0.98,0.99],"y":[0,0.10045053550510165,0.2005746696061951,0.30092266213727215,0.3981711002664652,0.500776317565817,0.6053969899124244,0.6996762887662625,0.8054773795722713,0.9083473919587594,1.004587394755609,1.1104442870461315,1.2223948502676871,1.3243821502730972,1.4271166552470393,1.5324257950284619,1.639844503895149,1.7527526423139312,1.8613441119623912,1.9812090196753287,2.0944774255777343,2.189746291177593,2.3062051299710506,2.423044410161144,2.5365556832638854,2.662440676425687,2.7883248009673802,2.9246282481754773,3.0262058580370166,3.152968783430274,3.2997757265406653,3.4253550955822716,3.549664362773939,3.713320252569499,3.8637139399585245,3.975115577562806,4.131706613463619,4.277092290474218,4.423548910517944,4.577153518000377,4.761206912564222,4.949941814757032,5.087811572443255,5.271065223909695,5.463616408152485,5.634792271379633,5.867549182235839,6.04203445255175,6.257650124208937,6.454048070796101,6.655874157459708,6.847868139908427,7.15533004829849,7.33493295841311,7.572057651418775,7.866088900618431,8.180197953678803,8.43243707282059,8.682770185156249,9.040443581983666,9.365115665091432,9.759011407413405,10.059844566162853,10.441689626109083,10.829862783434423,11.213187067093216,11.687231424348655,12.17124921279956,12.636064158060181,13.260552793333312,13.624220926829958,14.370707518601474,14.931705471596526,15.653720998128964,16.408171330426786,17.133541168708966,17.89772334266997,18.894404246399404,19.90697115304374,20.974135449338057,22.25271616167596,23.511172881613486,25.164382000463565,26.63830284747648,28.545737626200758,30.49338923374171,33.18409351027209,35.81902801830804,38.76235425238656,42.744572588172986,47.387038690853146,52.94863353738131,60.025347164832844,69.06541132458467,80.2201578304212,97.28847427715178,121.92044161419055,164.42484159178795,248.35900156421147,498.76951511900955]}