{"x":[0,0.01,0.02,0.03,0.04,0.05,0.06,0.07,0.08,0.09,0.1,0.11,0.12,0.13,0.14,0.15,0.16,0.17,0.18,0.19,0.2,0.21,0.22,0.23,0.24,0.25,0.26,0.27,0.28,0.29,0.3,0.31,0.32,0.33,0.34,0.35,0.36,0.37,0.38,0.39,0.4,0.41,0.42,0.43,0.44,0.45,0.46,0.47,0.48,0.49,0.5,0.51,0.52,0.53,0.54,0.55,0.56,0.57,0.58,0.59,0.6,0.61,0.62,0.63,0.64,0.65,0.66,0.67,0.68,0.69,0.7,0.71,0.72,0.73,0.74,0.75,0.76,0.77,0.78,0.79,0.8,0.81,0.82,0.83,0.84,0.85,0.86,0.87,0.88,0.89,0.9,0.91,0.92,0.93,0.94,0.95,0.96,0.97,0.98,0.99],"y":[0,0.09832295926855328,0.1908421742749498,0.28083754798193566,0.3653295757289443,0.46356479179960774,0.5333434013626847,0.6139471966503478,0.6948383747714213,0.7652049950540153,0.8363919903669857,0.8996159922928538,0.9471203400704999,1.0361264487619464,1.0807113712656573,1.1493799290689959,1.217446199776347,1.275850440813845,1.319196895667924,1.3958121096715832,1.4238558810758566,1.4682908130015475,1.5368581397425451,1.558436102010603,1.6082076477667109,1.6726435911840907,1.7300287495945195,1.7332200221718093,1.7846428793332323,1.8088858194794308,1.8568748685043994,1.9157688987033679,1.9526200107940248,1.9582794312250131,2.0135706814496768,2.0434322192161836,2.0937279696567384,2.138110382688304,2.171778490562054,2.194017373963141,2.171886815585292,2.299502678562267,2.242526251367707,2.3189473709906614,2.3456819788671837,2.35594110285584,2.3770872545777766,2.4209332232454917,2.4444030487390935,2.5002260293632137,2.5201553320797854,2.5113046123462146,2.552955224574513,2.5604879825052858,2.6209208693314383,2.5933991543519466,2.654100455947585,2.6476018214536126,2.6957623966525808,2.720272374187982,2.7467939477217,2.771334348540235,2.8124545802017678,2.798032368432938,2.800966062720107,2.805505425250114,2.86802942417674,2.8876666610978465,2.8971097671303156,2.8497501545740893,2.888154584807721,2.9713742590629013,2.9750858334580856,2.9609511539635833,2.948764989460523,3.029853780730772,3.0243155996883235,3.0560626372783735,3.0586233819704187,3.0556129826523732,3.0586451059761006,3.111875178753561,3.086576282268216,3.12090532850976,3.1230176391435505,3.1598519295770657,3.094564978603503,3.1742284255348605,3.198319970650531,3.267438622523522,3.190927663605372,3.2367289890991877,3.2554503910503176,3.2430464310082074,3.249521279733292,3.276533745320246,3.291696444626189,3.309429784502572,3.33159491271258,3.3641854112756286]}