{"x":[0,0.004,0.008,0.012,0.016,0.02,0.024,0.028,0.032,0.036,0.04,0.044,0.048,0.052,0.056,0.06,0.064,0.068,0.072,0.076,0.08,0.084,0.088,0.092,0.096,0.1,0.104,0.108,0.112,0.116,0.12,0.124,0.128,0.132,0.136,0.14,0.144,0.148,0.152,0.156,0.16,0.164,0.168,0.172,0.176,0.18,0.184,0.188,0.192,0.196,0.2,0.204,0.208,0.212,0.216,0.22,0.224,0.228,0.232,0.236,0.24,0.244,0.248,0.252,0.256,0.26,0.264,0.268,0.272,0.276,0.28,0.284,0.288,0.292,0.296,0.3,0.304,0.308,0.312,0.316,0.32,0.324,0.328,0.332,0.336,0.34,0.344,0.348,0.352,0.356,0.36,0.364,0.368,0.372,0.376,0.38,0.384,0.388,0.392,0.396,0.4,0.404,0.408,0.412,0.416,0.42,0.424,0.428,0.432,0.436,0.44,0.444,0.448,0.452,0.456,0.46,0.464,0.468,0.472,0.476,0.48,0.484,0.488,0.492,0.496,0.5,0.504,0.508,0.512,0.516,0.52,0.524,0.528,0.532,0.536,0.54,0.544,0.548,0.552,0.556,0.56,0.564,0.568,0.572,0.576,0.58,0.584,0.588,0.592,0.596,0.6,0.604,0.608,0.612,0.616,0.62,0.624,0.628,0.632,0.636,0.64,0.644,0.648,0.652,0.656,0.66,0.664,0.668,0.672,0.676,0.68,0.684,0.688,0.692,0.696,0.7,0.704,0.708,0.712,0.716,0.72,0.724,0.728,0.732,0.736,0.74,0.744,0.748,0.752,0.756,0.76,0.764,0.768,0.772,0.776,0.78,0.784,0.788,0.792,0.796,0.8,0.804,0.808,0.812,0.816,0.82,0.824,0.828,0.832,0.836,0.84,0.844,0.848,0.852,0.856,0.86,0.864,0.868,0.872,0.876,0.88,0.884,0.888,0.892,0.896,0.9,0.904,0.908,0.912,0.916,0.92,0.924,0.928,0.932,0.936,0.94,0.944,0.948,0.952,0.956,0.96,0.964,0.968,0.972,0.976,0.98,0.984,0.988,0.992,0.996],"y":[0,0.039682510418628095,0.07874009990416289,0.11718741502956,0.15503864821082525,0.1923075551745763,0.22900747162556376,0.2651513291565786,0.30075167044061935,0.3358206637428141,0.3703701167873685,0.40441149001273646,0.4379559092462745,0.47101417782782184,0.5035967882099645,0.5357139330611411,0.5673755158962819,0.5985911612582602,0.6293702244721551,0.6597218009930849,0.6896547353672337,0.7191776298246166,0.7482988525211225,0.7770265454464166,0.805368632013407,0.8333328243441315,0.8609266302661386,0.8881573600326986,0.9150321327794727,0.9415578827296275,0.9677413651587508,0.9935891621303456,1.019107688012137,1.0443031947828956,1.0691817771390062,1.0937493774095386,1.1180117902881497,1.1419746673897289,1.1656435216393133,1.189023731500437,1.212120545049718,1.2349390839041714,1.2574843470074255,1.2797612142807115,1.3017744501442345,1.3235287069142607,1.3450285280810077,1.3662783514721921,1.3872825123068557,1.4080452461438895,1.4285706917294658,1.448862893747396,1.4689258054762602,1.4887632913569673,1.508379129474252,1.5277770139554578,1.5469605572898,1.5659332925711689,1.584698675667402,1.6032600873188156,1.6216208351686774,1.63978415572818,1.657753216278367,1.6755311167113598,1.6931208913131306,1.7105255104899817,1.7277478824407861,1.744790854776971,1.7616572160921413,1.778349697483156,1.7948709740244027,1.8112236661969416,1.8274103412741245,1.8434335146652194,1.8592956512185295,1.8749991664854169,1.8905464279465938,1.905939756201989,1.9211814261254474,1.9362736679854655,1.9512186685331274,1.9660185720583505,1.9806754814155205,1.9951914590195334,2.009568527813248,2.023808672207299,2.037913838993177,2.051885938230477,2.0657268441091454,2.0794383957875597,2.0930223982072107,2.106480622884763,2.1198148086822113,2.133026662555841,2.1461178602846664,2.1590900471790073,2.1719448387698246,2.184683821479425,2.197308553274125,2.2098205642994246,2.2222213574982486,2.234512409212775,2.2466951697703537,2.258771064054005,2.2707414920579727,2.2826078294287884,2.2943714279922727,2.3060336162669133,2.317595699964026,2.329058962475083,2.340424665346605,2.3516940487429765,2.3628683318975483,2.3739487135523603,2.3849363723868344,2.3958324674357434,2.406638138496776,2.417354506527997,2.4279826740354955,2.438523725451497,2.4489787275032167,2.459348729572722,2.4696347640480436,2.479837846665799,2.4899589768455583,2.499999138016186,2.509959297934378,2.5198404089956195,2.5296434085377664,2.539369219137453,2.5490187488995293,2.558592891739713,2.5680925276606423,2.577518523021508,2.586871730801442,2.596152990856825,2.6053631301726803,2.6145029631083117,2.6235732916373333,2.6325749055822487,2.641508582843718,2.65037508962465,2.659175180649264,2.667909599377241,2.676579078213105,2.6851843387109473,2.693726091774616,2.7022050378534956,2.7106218671339812,2.7189772597267554,2.7272718858499867,2.7355064060085406,2.7436814711693094,2.751797722932757,2.7598557937007806,2.7678563068409656,2.7757998768473406,2.7836871094977127,2.7915186020076566,2.7992949431812675,2.807016713558725,2.8146844855607664,2.822298823630145,2.8298602843701346,2.837369416680157,2.844826761888612,2.8522328538829633,2.8595882192371467,2.8668933773363796,2.8741488404994184,2.881355114098322,2.888512696675804,2.895622080060197,2.9026837494781152,2.90969818366485,2.916665854972554,2.9235872294762797,2.930462767077903,2.9372929216079857,2.9440781409256407,2.950818867016421,2.9575155360882883,2.9641685786657193,2.970778419681963,2.977345478569517,2.983870169348849,2.9903529007154055,2.996794076124948,3.003194093877259,3.009553347198237,3.015872224320439,3.0221511085620865,3.0283903784045796,3.0345904075685484,3.040751565088471,3.046874215385898,3.0529587183413,3.059005429364587,3.065014699464308,3.070986875315574,3.076922299326727,3.082821309704782,3.088684240519664,3.094511421767279,3.1003031794314233,3.1060598355445768,3.111781708247589,3.1174691118482882,3.123122356879035,3.128741750153241,3.134327594820873,3.1398801904229736,3.145399832945201,3.1508868148704265,3.156341425230397,3.161763949656487,3.167154670429556,3.1725138665289374,3.1778418136805575,3.1831387844042314,3.1884050480601256,3.193640870894414,3.1988465160841537,3.2040222437813783,3.2091683111564375,3.21428497244059,3.219372478967877,3.224431079216268,3.2294610188481205,3.2344625407499477,3.2394358850715133,3.2443812892642683,3.249298988119148,3.254189213803721,3.259052195898735,3.2638881614340414,3.2686973349239223,3.273479938401844,3.2782361914546216,3.2829663112560277,3.2876705125998518,3.2923490079324105,3.2970020073845263,3.3016297188029973,3.306232347781535,3.310810097691221,3.3153631697104546,3.3198917628544278,3.3243960740041216,3.3288762979348423]}