{"x":[0,0.004,0.008,0.012,0.016,0.02,0.024,0.028,0.032,0.036,0.04,0.044,0.048,0.052,0.056,0.06,0.064,0.068,0.072,0.076,0.08,0.084,0.088,0.092,0.096,0.1,0.104,0.108,0.112,0.116,0.12,0.124,0.128,0.132,0.136,0.14,0.144,0.148,0.152,0.156,0.16,0.164,0.168,0.172,0.176,0.18,0.184,0.188,0.192,0.196,0.2,0.204,0.208,0.212,0.216,0.22,0.224,0.228,0.232,0.236,0.24,0.244,0.248,0.252,0.256,0.26,0.264,0.268,0.272,0.276,0.28,0.284,0.288,0.292,0.296,0.3,0.304,0.308,0.312,0.316,0.32,0.324,0.328,0.332,0.336,0.34,0.344,0.348,0.352,0.356,0.36,0.364,0.368,0.372,0.376,0.38,0.384,0.388,0.392,0.396,0.4,0.404,0.408,0.412,0.416,0.42,0.424,0.428,0.432,0.436,0.44,0.444,0.448,0.452,0.456,0.46,0.464,0.468,0.472,0.476,0.48,0.484,0.488,0.492,0.496,0.5,0.504,0.508,0.512,0.516,0.52,0.524,0.528,0.532,0.536,0.54,0.544,0.548,0.552,0.556,0.56,0.564,0.568,0.572,0.576,0.58,0.584,0.588,0.592,0.596,0.6,0.604,0.608,0.612,0.616,0.62,0.624,0.628,0.632,0.636,0.64,0.644,0.648,0.652,0.656,0.66,0.664,0.668,0.672,0.676,0.68,0.684,0.688,0.692,0.696,0.7,0.704,0.708,0.712,0.716,0.72,0.724,0.728,0.732,0.736,0.74,0.744,0.748,0.752,0.756,0.76,0.764,0.768,0.772,0.776,0.78,0.784,0.788,0.792,0.796,0.8,0.804,0.808,0.812,0.816,0.82,0.824,0.828,0.832,0.836,0.84,0.844,0.848,0.852,0.856,0.86,0.864,0.868,0.872,0.876,0.88,0.884,0.888,0.892,0.896,0.9,0.904,0.908,0.912,0.916,0.92,0.924,0.928,0.932,0.936,0.94,0.944,0.948,0.952,0.956,0.96,0.964,0.968,0.972,0.976,0.98,0.984,0.988,0.992,0.996],"y":[0,0.03958037012565326,0.07898559052340771,0.11575146507088112,0.1562545168347222,0.19134915121183704,0.23073005217246453,0.26289917256151624,0.3023889700338806,0.33233657177888964,0.3733817585129384,0.41157952728180963,0.4375990493960201,0.46344589840010314,0.4998761004188029,0.5430229809063766,0.5732410967162166,0.5865575301225099,0.6291738996718701,0.666971015515653,0.681373867906576,0.7067600188487986,0.7539739781368561,0.766810456262278,0.7961818137484404,0.8282855262030204,0.855982191628161,0.8863046509307454,0.9106014102021808,0.9539730088871858,0.9703677509901891,0.9788084879447015,1.0237989008708497,1.0479607340369426,1.0536855102258318,1.0924535685149357,1.128086350994626,1.1596827350753478,1.1748157300470365,1.1960844683088412,1.2220478247680664,1.2271265843224173,1.2788450527546393,1.285931776053226,1.2956819741833507,1.326275116890741,1.3489290042425497,1.359342473978327,1.3755523227438342,1.3989861650658717,1.4143184964075466,1.437945149882798,1.4464427207144794,1.488295840996647,1.5100728754118793,1.5154791534630903,1.5733301717015664,1.5718225798228547,1.5985240362604176,1.6282075931216087,1.6345108268408675,1.6230376133727082,1.6581950539618655,1.6419832797869118,1.6904055844568016,1.7065489638339368,1.7508323186127144,1.7631597549271407,1.769954083316267,1.7707824735096085,1.7659721759036295,1.7856557395693413,1.8483498300256236,1.8092578777419832,1.8834305683637216,1.8642855467059054,1.886790325938395,1.89979391050245,1.8985377635842788,1.9226208524120691,1.979996876550981,1.9788028926850671,1.9552658146981443,1.9976597429466278,1.9896821037720769,1.9916737231932073,2.06232217913445,2.0901755791251273,2.0796424464112424,2.0633911397848146,2.0455946773724896,2.0803628766139752,2.1039800864629083,2.157753068943971,2.1449248577674873,2.1296430977358627,2.16583372576344,2.1644703973926265,2.2173521094379085,2.180058826189594,2.268952671626268,2.2250472096264655,2.2517255202714046,2.3131724617178744,2.3281487695319765,2.294667842674675,2.2592204695771767,2.3022012402072125,2.3252982358078893,2.268126269559762,2.327332825353837,2.351788304927824,2.373440687709453,2.3662607132549933,2.35899944944647,2.395413474529731,2.39775215322153,2.390199566603577,2.437283914454525,2.406752482399807,2.4530039926945344,2.4390154775112336,2.467625039706508,2.466759264188963,2.456493874446242,2.5227721825208516,2.5274405582334696,2.5225225193234024,2.5737391390769675,2.5270510061944846,2.5080913925371306,2.537280129195255,2.5476265322851224,2.5306371038648834,2.6101185942605145,2.5991705633164868,2.588690661462167,2.64044945754898,2.63428949338263,2.6381498999724395,2.6680996758827273,2.6704909505522765,2.686525477544089,2.7137945919020323,2.678250614458256,2.6922088178919403,2.6769797405421247,2.7100691348403445,2.705754738193448,2.7141350970616456,2.804471624294778,2.8035276563281784,2.718755016156614,2.7438804607138425,2.8194688941871595,2.756333804643508,2.782905680589837,2.8073850268052487,2.7876972474462693,2.8217097479575495,2.7884106233869126,2.8317173463582432,2.810457679966558,2.8262264170532925,2.795920907980009,2.848450464690774,2.901686206583441,2.860608211609429,2.8538647753009956,2.9208835830124396,2.874063871692912,2.938267888622739,2.86483890763062,2.9377500549088067,2.926745866635032,2.947431082908025,2.8728587909145746,2.9310838603973233,2.906663385614498,2.94230988141207,2.925253303323918,2.960715950709642,2.96184774146349,3.0085242425611334,3.0032844151481655,3.0011052275617285,3.0041214502496785,2.998739774842781,2.983279711285726,2.96763224989266,2.9940163608588732,2.9966325365162954,3.00399565017393,3.054058404086163,3.0959250209475693,3.0222213437900294,2.9930246802042637,3.0815414000773123,3.022739778381085,3.0465657687693266,3.0872189097339553,3.1171644750610565,3.10202679508082,3.0399247408784786,3.131870075574692,3.12308043707067,3.1737370578410697,3.123564894617246,3.136804994575098,3.1539087752396933,3.140318371672543,3.191528655103185,3.1822129370469145,3.1850627688756563,3.1400946715093134,3.160328822975714,3.147279319785539,3.064871324440891,3.1905285087119166,3.1587848792333464,3.1812964052525645,3.239660625977079,3.2051456425258436,3.194504141975819,3.1949644124600742,3.1922499089387726,3.239414215211918,3.252767894396116,3.202681386938479,3.2997732370645174,3.258834173713225,3.2201521005685763,3.2556438479442313,3.2050829136095373,3.2665200258883713,3.2355859422809976,3.256670408281487,3.2620291901059346,3.306361718624384,3.293228901923834,3.2377373819948483,3.2778903961488095,3.3063237164779697,3.268705677719999,3.31447760880227,3.385545456347417,3.318422519464288,3.3212571592165503,3.299458471979865,3.3172735063953396]}