{"x":[0,0.006666666666666667,0.013333333333333334,0.02,0.02666666666666667,0.03333333333333333,0.04,0.04666666666666667,0.05333333333333334,0.06,0.06666666666666667,0.07333333333333333,0.08,0.08666666666666667,0.09333333333333334,0.1,0.10666666666666667,0.11333333333333333,0.12,0.12666666666666668,0.13333333333333333,0.14,0.14666666666666667,0.15333333333333332,0.16,0.16666666666666666,0.17333333333333334,0.18,0.18666666666666668,0.19333333333333333,0.2,0.20666666666666667,0.21333333333333335,0.22,0.22666666666666666,0.23333333333333334,0.24,0.24666666666666667,0.25333333333333335,0.26,0.26666666666666666,0.2733333333333333,0.28,0.2866666666666667,0.29333333333333333,0.3,0.30666666666666664,0.31333333333333335,0.32,0.32666666666666666,0.3333333333333333,0.34,0.3466666666666667,0.35333333333333333,0.36,0.36666666666666664,0.37333333333333335,0.38,0.38666666666666666,0.3933333333333333,0.4,0.4066666666666667,0.41333333333333333,0.42,0.4266666666666667,0.43333333333333335,0.44,0.44666666666666666,0.4533333333333333,0.46,0.4666666666666667,0.47333333333333333,0.48,0.4866666666666667,0.49333333333333335,0.5,0.5066666666666667,0.5133333333333333,0.52,0.5266666666666666,0.5333333333333333,0.54,0.5466666666666666,0.5533333333333333,0.56,0.5666666666666667,0.5733333333333334,0.58,0.5866666666666667,0.5933333333333334,0.6,0.6066666666666667,0.6133333333333333,0.62,0.6266666666666667,0.6333333333333333,0.64,0.6466666666666666,0.6533333333333333,0.66,0.6666666666666666,0.6733333333333333,0.68,0.6866666666666666,0.6933333333333334,0.7,0.7066666666666667,0.7133333333333334,0.72,0.7266666666666667,0.7333333333333333,0.74,0.7466666666666667,0.7533333333333333,0.76,0.7666666666666667,0.7733333333333333,0.78,0.7866666666666666,0.7933333333333333,0.8,0.8066666666666666,0.8133333333333334,0.82,0.8266666666666667,0.8333333333333334,0.84,0.8466666666666667,0.8533333333333334,0.86,0.8666666666666667,0.8733333333333333,0.88,0.8866666666666667,0.8933333333333333,0.9,0.9066666666666666,0.9133333333333333,0.92,0.9266666666666666,0.9333333333333333,0.94,0.9466666666666667,0.9533333333333334,0.96,0.9666666666666667,0.9733333333333334,0.98,0.9866666666666667,0.9933333333333333],"y":[-0.06943328086600016,1.0253622575106671,0.21316081859986308,-0.3525135688160609,0.2633180125888846,0.5884463553082435,0.35805139264751057,0.5814386998178436,0.033477889489497925,0.1569455247510101,0.46368280174810894,0.299691380634898,0.5862484724316671,0.7331472275157774,0.646907171608815,0.25646979119359903,0.7421066431555595,0.6757324453004916,0.939243583783125,1.3853262365019532,1.271419359124896,1.3398982575107365,1.8794259759868437,1.0777423889013367,0.7557488697476026,1.0909032014221738,1.283003590304334,1.000866122293751,2.0821543231264266,1.0523090523392866,1.7265854224836754,1.1912467279063161,2.0215550951028582,0.8796523243618884,1.776904116291392,1.7229911598043977,2.050673178797834,2.146974640045809,1.8466406327862546,1.8799492687322756,1.6523486950008759,1.569518704111025,1.370913754738555,1.473079259873818,1.3530303581000314,1.9659097903840168,1.9964356523335813,1.7715601962469822,1.705638250796839,1.9832275287541534,2.457774096476018,2.177477146780961,2.1792159143064356,2.437143761149887,1.9722516479018088,2.1182579081448987,2.4671364767823327,2.7300690511211267,1.8508553521633322,2.6662323362133242,2.344665480885289,2.082180578719718,1.9097789598137171,1.9467265016863382,2.912597206218809,2.2287466539250405,2.3564754706107593,2.234244083876659,2.4613509550074033,2.2658045346039644,2.108194259509175,2.5188172122111023,2.5635113246749106,2.3198625016974828,2.6064225605452713,2.3951187174608437,2.8566960317548973,2.3083495235497202,2.6092129091793774,2.3679110443045506,2.7286076574272395,2.693133137166204,2.045567836944917,3.4386888171336216,2.7757199725152213,2.4156907630794504,2.2968933290024176,2.636838435391487,2.729101913496584,2.7423370530194315,2.6257702505742744,2.6796894868683308,2.937550533569717,2.9325764990296186,2.886867472471059,3.3750469227462894,2.9737333958986008,3.1922415653062606,2.777330781986107,3.1422907616428106,2.8248746829115654,2.90152698288385,2.8557588700703205,2.85195459016221,2.9785704615727275,3.0423991516902276,3.096392289452883,3.1801292499362614,2.387759684994883,2.5058095901608213,3.355302161062005,2.633011161695087,3.073926383161545,3.7551713535748723,3.0221512231545975,3.0234703885118073,3.154530012857594,3.3054160225542395,2.9266428875084625,3.854576872517352,3.1437804951833663,3.0064079225580147,3.201135387166889,3.1159381286585863,3.2575433580562994,3.071058793466681,3.0159314759671845,3.1794451963895263,2.912098673040179,3.7214572091960836,3.0703430661794116,2.8199220211175544,3.5243740455034276,3.0775485133013905,3.3741373387143176,2.9011298630969047,3.5257914306022204,3.164220709382089,2.9770388237570637,3.5898339539623847,3.0042444166018205,3.8464243259384876,3.1216484254057497,4.133995252742758,3.4919029054088626,3.0699583265020047,3.0419638132503235,2.9212680078747835,3.051561898006974,3.179972671215616]}