{"x":[0,1,2,3,4,5,6,7,8,9,10,11,12,13,14,15,16,17,18,19,20,21,22,23,24,25,26,27,28,29,30,31,32,33,34,35,36,37,38,39,40,41,42,43,44,45,46,47,48,49,50,51,52,53,54,55,56,57,58,59,60,61,62,63,64,65,66,67,68,69,70,71,72,73,74,75,76,77,78,79,80,81,82,83,84,85,86,87,88,89,90,91,92,93,94,95,96,97,98,99],"y":[0,3.313739328110559,4.054050863221781,4.234013003813623,4.462014101507545,4.497918876763434,4.566542944402597,4.7091709926553476,4.65812520996447,4.7253497324682145,4.790501795297374,4.740216656142547,4.75239003863116,4.8359477804233295,4.86054995984275,4.823891075993635,4.8573233777908325,4.872813131018239,4.8753362321405564,4.906468532081,4.799630377527828,4.839600322291915,4.887170605640794,4.946079511043216,4.8819780205005605,4.917267154111437,4.955320069759888,4.954974286270281,4.9127835311040675,4.881778351166391,4.892998904864993,4.900183954985098,5.031741826732118,4.885038996785949,4.9167272262570325,4.907740700849356,4.9272987928945815,4.87336984529577,5.006933363522328,4.946785879817732,4.881570293602016,5.049298596997872,4.974343727086457,4.927663836810432,4.9355156591596705,4.982103169218524,4.928962522110531,4.94424332292313,4.8926228231379225,4.968781405461076,4.934393823686665,4.92661280551134,4.976473745135378,4.997121289322643,4.981518229583587,4.913420203977026,4.88063841249143,4.99110127839034,4.960798878061142,4.9215324536205465,4.969377434178966,4.961029914325881,4.947052339027516,5.004258605876706,5.004095885363588,4.912032952199175,5.120401010507752,5.028808305020234,5.007973328839856,5.007746237504083,4.830637962860661,4.953776677349727,4.978027930057508,4.956255278977166,4.9262394454443665,4.938966074333184,5.016570738399851,4.7669597177296215,5.017232618949277,4.9934101010421,4.888686908973872,5.001308744189542,4.9303204457625,5.046780926438136,5.0124218105025955,4.895497397988835,4.970273896855683,4.981049541957687,4.966161958801722,4.981960468563217,4.948091542622479,4.909548447937284,4.991876118889885,4.90481626930243,4.983024637649371,5.063247244497782,5.025228454373439,5.045750214773368,4.9959320077229865,4.978892341272049]}