{"x":[0,0.01,0.02,0.03,0.04,0.05,0.06,0.07,0.08,0.09,0.1,0.11,0.12,0.13,0.14,0.15,0.16,0.17,0.18,0.19,0.2,0.21,0.22,0.23,0.24,0.25,0.26,0.27,0.28,0.29,0.3,0.31,0.32,0.33,0.34,0.35,0.36,0.37,0.38,0.39,0.4,0.41,0.42,0.43,0.44,0.45,0.46,0.47,0.48,0.49,0.5,0.51,0.52,0.53,0.54,0.55,0.56,0.57,0.58,0.59,0.6,0.61,0.62,0.63,0.64,0.65,0.66,0.67,0.68,0.69,0.7,0.71,0.72,0.73,0.74,0.75,0.76,0.77,0.78,0.79,0.8,0.81,0.82,0.83,0.84,0.85,0.86,0.87,0.88,0.89,0.9,0.91,0.92,0.93,0.94,0.95,0.96,0.97,0.98,0.99],"y":[0,0.09687911434625564,0.19357011609189964,0.2816171564856106,0.3745981876623884,0.45704241049422134,0.5271159880930757,0.5981736413466334,0.7028995621208862,0.7552534834076571,0.8315949757570231,0.9023644936971001,0.9775976326404843,1.0193356727570178,1.086508232824513,1.1558440356231536,1.2214087001905896,1.273804979991692,1.334130090725305,1.3804885135435514,1.432515322228913,1.4806297130752597,1.5047607407270034,1.5534967249802956,1.6279724646277862,1.6766279442424452,1.7242871498246157,1.742011163361387,1.8233460036244928,1.8157525439570623,1.8606637764026885,1.911809338332054,1.9184951300315427,1.9494434286724067,2.038778868125869,2.0588976168836806,2.0867867234338036,2.145533533770913,2.1541633372563527,2.1496156221944176,2.185635895189596,2.2493667967236637,2.28804712747611,2.327728918322996,2.385024637824258,2.391563413151351,2.385584439309377,2.455930898730043,2.484749892765571,2.475107188430991,2.5247229985473076,2.5115729391646386,2.531108091059616,2.570131829199713,2.592120548281827,2.597005167545252,2.6475168679227687,2.64990478929008,2.73191570981071,2.6599045804439294,2.6884328203959806,2.7003308099072996,2.7259157556586824,2.776449655380196,2.8079216253768116,2.833306713784214,2.8062870139207456,2.8934335609248363,2.8744271874084117,2.9543586462432145,2.9804737035027293,2.9136659822796847,2.940237138377227,2.933970080314698,2.9771836843843604,3.011188436344341,3.051582088564555,3.0062750259550093,3.0741142337297425,3.0467195381901213,3.0774076359064324,3.1322823452499935,3.1313908745714047,3.106944692985399,3.175775644051372,3.1174910981674135,3.1460335010150615,3.1870813589706186,3.1500524257213014,3.2256864197729773,3.1973828688085026,3.2332322819726467,3.2399962910921616,3.2795332465401854,3.273030206399778,3.223576470391741,3.240386715728871,3.3453777851178876,3.278691767485617,3.321445334017114]}