{"x":[0,0.004,0.008,0.012,0.016,0.02,0.024,0.028,0.032,0.036,0.04,0.044,0.048,0.052,0.056,0.06,0.064,0.068,0.072,0.076,0.08,0.084,0.088,0.092,0.096,0.1,0.104,0.108,0.112,0.116,0.12,0.124,0.128,0.132,0.136,0.14,0.144,0.148,0.152,0.156,0.16,0.164,0.168,0.172,0.176,0.18,0.184,0.188,0.192,0.196,0.2,0.204,0.208,0.212,0.216,0.22,0.224,0.228,0.232,0.236,0.24,0.244,0.248,0.252,0.256,0.26,0.264,0.268,0.272,0.276,0.28,0.284,0.288,0.292,0.296,0.3,0.304,0.308,0.312,0.316,0.32,0.324,0.328,0.332,0.336,0.34,0.344,0.348,0.352,0.356,0.36,0.364,0.368,0.372,0.376,0.38,0.384,0.388,0.392,0.396,0.4,0.404,0.408,0.412,0.416,0.42,0.424,0.428,0.432,0.436,0.44,0.444,0.448,0.452,0.456,0.46,0.464,0.468,0.472,0.476,0.48,0.484,0.488,0.492,0.496,0.5,0.504,0.508,0.512,0.516,0.52,0.524,0.528,0.532,0.536,0.54,0.544,0.548,0.552,0.556,0.56,0.564,0.568,0.572,0.576,0.58,0.584,0.588,0.592,0.596,0.6,0.604,0.608,0.612,0.616,0.62,0.624,0.628,0.632,0.636,0.64,0.644,0.648,0.652,0.656,0.66,0.664,0.668,0.672,0.676,0.68,0.684,0.688,0.692,0.696,0.7,0.704,0.708,0.712,0.716,0.72,0.724,0.728,0.732,0.736,0.74,0.744,0.748,0.752,0.756,0.76,0.764,0.768,0.772,0.776,0.78,0.784,0.788,0.792,0.796,0.8,0.804,0.808,0.812,0.816,0.82,0.824,0.828,0.832,0.836,0.84,0.844,0.848,0.852,0.856,0.86,0.864,0.868,0.872,0.876,0.88,0.884,0.888,0.892,0.896,0.9,0.904,0.908,0.912,0.916,0.92,0.924,0.928,0.932,0.936,0.94,0.944,0.948,0.952,0.956,0.96,0.964,0.968,0.972,0.976,0.98,0.984,0.988,0.992,0.996],"y":[0,0.00016047374621291715,0.0003209371686990936,0.00048139026845472877,0.000641833046475894,0.0008022655037585324,0.0009626876412984592,0.0011230994600913609,0.0012835009611327965,0.0014438921454181968,0.0016042730139428645,0.0017646435677019742,0.0019250038076905728,0.002085353734903579,0.0022456933503357834,0.002406022654981848,0.0025663416498363095,0.002726650335893573,0.0028869487141479186,0.003047236785593498,0.003207514551224333,0.003367782012034321,0.0035280391690172283,0.0036882860231666954,0.0038485225754762353,0.004008748826939231,0.00416896477854894,0.004329170431298494,0.004489365786180889,0.004649550844189003,0.004809725606315579,0.00496989007355324,0.005130044246894474,0.005290188127331643,0.005450321715856987,0.005610445013462608,0.005770558021140492,0.005930660739882492,0.006090753170680331,0.00625083531452561,0.0064109071724097995,0.006570968745324241,0.006731020034260153,0.00689106104020862,0.00705109176416061,0.0072111122071069535,0.007371122370038356,0.0075311222539454,0.0076911118598185346,0.007851091188648088,0.008011060241424256,0.008171019019137107,0.00833096752277659,0.008490905753332518,0.008650833711794578,0.008810751399152335,0.008970658816395223,0.00913055596451255,0.009290442844493499,0.009450319457327114,0.009610185804002334,0.00977004188550795,0.009929887702832643,0.010089723256964951,0.010249548548893294,0.010409363579605967,0.010569168350091135,0.01072896286133683,0.01088874711433097,0.011048521110061335,0.011208284849515587,0.011368038333681253,0.011527781563545735,0.01168751454009632,0.011847237264320146,0.012006949737204247,0.012166651959735514,0.012326343932900717,0.012486025657686506,0.012645697135079393,0.012805358366065767,0.012965009351631897,0.013124650092763916,0.013284280590447837,0.013443900845669546,0.013603510859414795,0.01376311063266922,0.013922700166418325,0.014082279461647489,0.014241848519341965,0.014401407340486871,0.014560955926067216,0.014720494277067868,0.01488002239447357,0.015039540279268949,0.015199047932438493,0.015358545354966573,0.015518032547837433,0.015677509512035177,0.015836976248543803,0.01599643275834717,0.016155879042429024,0.016315315101772955,0.016474740937362467,0.016634156550180905,0.016793561941211507,0.016952957111437374,0.017112342061841493,0.017271716793406715,0.017431081307115764,0.01759043560395124,0.017749779684895623,0.017909113550931267,0.018068437203040383,0.018227750642205078,0.018387053869407324,0.018546346885628964,0.018705629691851716,0.018864902289057173,0.019024164678226818,0.019183416860341976,0.01934265883638387,0.019501890607333594,0.019661112174172116,0.019820323537880262,0.019979524699438762,0.02013871565982819,0.020297896420029018,0.020457066981021586,0.02061622734378609,0.02077537750930263,0.020934517478551157,0.021093647252511515,0.021252766832163407,0.021411876218486413,0.02157097541246,0.021730064415063498,0.021889143227276104,0.02204821185007691,0.022207270284444865,0.02236631853135881,0.02252535659179744,0.022684384466739343,0.022843402157162972,0.02300240966404665,0.023161406988368587,0.023320394131106866,0.023479371093239425,0.023638337875744108,0.023797294479598614,0.023956240905780513,0.02411517715526727,0.024274103229036198,0.024433019128064514,0.024591924853329287,0.02475082040580747,0.024909705786475892,0.02506858099631125,0.025227446036290128,0.02538630090738898,0.025545145610584116,0.025703980146851758,0.025862804517167975,0.026021618722508716,0.02618042276384981,0.02633921664216696,0.026498000358435747,0.02665677391363162,0.0268155373087299,0.026974290544705803,0.027133033622534393,0.027291766543190637,0.027450489307649355,0.02760920191688525,0.02776790437187291,0.027926596673586778,0.028085278823001193,0.02824395082109036,0.028402612668828344,0.028561264367189122,0.028719905917146512,0.028878537319674217,0.029037158575745837,0.02919576968633481,0.029354370652414478,0.02951296147495805,0.029671542154938606,0.029830112693329112,0.02998867309110239,0.03014722334923117,0.03030576346868803,0.030464293450445414,0.030622813295475684,0.030781323004751046,0.030939822579243582,0.031098312019925262,0.03125679132776793,0.0314152605037433,0.03157371954882295,0.03173216846397836,0.03189060725018088,0.03204903590840171,0.03220745443961197,0.03236586284478261,0.03252426112488447,0.03268264928088831,0.0328410273137647,0.0329993952244841,0.0331577530140169,0.03331610068333328,0.03347443823340339,0.03363276566519719,0.03379108297968451,0.03394939017783512,0.03410768726061859,0.03426597422900443,0.034424251083962,0.0345825178264605,0.034740774457469085,0.03489902097795672,0.03505725738889225,0.035215483691244456,0.035373699885981914,0.03553190597407315,0.035690101956486524,0.03584828783419025,0.03600646360815249,0.036164629279341214,0.03632278484872431,0.03648093031726953,0.03663906568594448,0.036797190955716694,0.03695530612755352,0.03711341120242223,0.03727150618128996,0.037429591065123696,0.03758766585489035,0.03774573055155668,0.03790378515608931,0.03806182966945477,0.03821986409261943,0.03837788842654958,0.03853590267221136,0.03869390683057078,0.038851900902593745,0.03900988488924603,0.039167858791493294,0.039325822610301056,0.03948377634663471,0.03964172000145956]}