{"x":[0.0171192,0.0586318,0.102329,0.211573,0.303338,0.412581,0.499976,0.60485,0.705355,0.801489,0.901993,0.998128],"y":[22.205719901713827,64.0607347995871,95.88865721644392,146.22028357891773,171.7690563081183,192.27886134205002,204.1078304803096,214.93107193003303,222.96246115801736,229.14316362815455,234.45664985247967,238.70822190226622]}