{"x":[0,1,2,3,4,5,6,7,8,9,10,11,12,13,14,15,16,17,18,19,20,21,22,23,24,25,26,27,28,29,30,31,32,33,34,35,36,37,38,39,40,41,42,43,44,45,46,47,48,49,50,51,52,53,54,55,56,57,58,59,60,61,62,63,64,65,66,67,68,69,70,71,72,73,74,75,76,77,78,79,80,81,82,83,84,85,86,87,88,89,90,91,92,93,94,95,96,97,98,99],"y":[0,3.33713625395728,4.024805417774675,4.29048801680149,4.4075822847044925,4.535749764546778,4.63753133087393,4.633524600058649,4.573516218826598,4.697651214166757,4.684194954829917,4.780846019574737,4.836261504108809,4.8177640064575735,4.862767897803405,4.787235963305084,4.845200975061542,4.873574515144637,4.755540136540614,4.889438595384363,4.850286171461193,4.869584779544963,4.955140817238445,4.8216840831647305,4.897596787849508,4.8844575259346765,4.8918806770875705,4.885799399802827,4.928774689586702,4.8735150598836805,4.909897797369758,4.848255285478543,4.909107866525233,4.946707603291035,4.929945694543815,4.943049818180801,4.937173367088932,4.896617792981704,4.9526958133401315,4.974972014053407,4.838946363074249,5.00010767420503,4.930788338871749,4.950179970965056,4.970103238878337,4.989480729794556,4.957764006990355,4.787007722969953,4.92165108033655,4.8863479881983745,4.94689493226383,4.970505035705762,4.957733642724261,4.9178881232185105,5.019647931834808,4.88922862243755,4.891054783874284,4.951648185461489,4.993791965633128,4.923467006403775,4.955864179025269,4.864348705930683,5.0530648841951225,5.022699541622683,4.880861240481336,4.936869584687895,5.01393382392362,5.020795236427275,4.931594830223541,5.062651557711815,5.063508986677508,4.968496382355643,4.917061407373067,5.023479552199111,4.999151262435736,4.952357216421893,4.993068762201892,4.924250187515117,5.020505476315129,4.932762969035645,5.027080991402738,5.017115488918723,4.9897508011076726,4.980068592409236,4.94385208230131,4.952031716237012,5.009331146896785,5.019585776341362,4.99570792941806,4.970838925447091,5.030516441780288,4.976424971571917,5.0271490469316324,4.941377300779291,5.027512873333868,4.93583324333173,4.9945371584417995,4.967487712150423,5.00302144160277,4.915320745904274]}