{"x":[0,0.004,0.008,0.012,0.016,0.02,0.024,0.028,0.032,0.036,0.04,0.044,0.048,0.052,0.056,0.06,0.064,0.068,0.072,0.076,0.08,0.084,0.088,0.092,0.096,0.1,0.104,0.108,0.112,0.116,0.12,0.124,0.128,0.132,0.136,0.14,0.144,0.148,0.152,0.156,0.16,0.164,0.168,0.172,0.176,0.18,0.184,0.188,0.192,0.196,0.2,0.204,0.208,0.212,0.216,0.22,0.224,0.228,0.232,0.236,0.24,0.244,0.248,0.252,0.256,0.26,0.264,0.268,0.272,0.276,0.28,0.284,0.288,0.292,0.296,0.3,0.304,0.308,0.312,0.316,0.32,0.324,0.328,0.332,0.336,0.34,0.344,0.348,0.352,0.356,0.36,0.364,0.368,0.372,0.376,0.38,0.384,0.388,0.392,0.396,0.4,0.404,0.408,0.412,0.416,0.42,0.424,0.428,0.432,0.436,0.44,0.444,0.448,0.452,0.456,0.46,0.464,0.468,0.472,0.476,0.48,0.484,0.488,0.492,0.496,0.5,0.504,0.508,0.512,0.516,0.52,0.524,0.528,0.532,0.536,0.54,0.544,0.548,0.552,0.556,0.56,0.564,0.568,0.572,0.576,0.58,0.584,0.588,0.592,0.596,0.6,0.604,0.608,0.612,0.616,0.62,0.624,0.628,0.632,0.636,0.64,0.644,0.648,0.652,0.656,0.66,0.664,0.668,0.672,0.676,0.68,0.684,0.688,0.692,0.696,0.7,0.704,0.708,0.712,0.716,0.72,0.724,0.728,0.732,0.736,0.74,0.744,0.748,0.752,0.756,0.76,0.764,0.768,0.772,0.776,0.78,0.784,0.788,0.792,0.796,0.8,0.804,0.808,0.812,0.816,0.82,0.824,0.828,0.832,0.836,0.84,0.844,0.848,0.852,0.856,0.86,0.864,0.868,0.872,0.876,0.88,0.884,0.888,0.892,0.896,0.9,0.904,0.908,0.912,0.916,0.92,0.924,0.928,0.932,0.936,0.94,0.944,0.948,0.952,0.956,0.96,0.964,0.968,0.972,0.976,0.98,0.984,0.988,0.992,0.996],"y":[0,0.039314460750975215,0.07766621410097882,0.11739945162704402,0.15427227283704914,0.19069569098493197,0.23002241565762765,0.2695445641128768,0.30386152351373996,0.33353411979471054,0.3672003702662435,0.4108762461928838,0.44330142286187907,0.4592874798273053,0.5126434404193907,0.5442172561302147,0.5746778144946264,0.6004009856661038,0.6377343013502678,0.6555355797903085,0.6943504144745531,0.7246223467029261,0.7475895264387187,0.7784343970212849,0.8044512929126222,0.8296205024337737,0.8570476504953706,0.8823110364594118,0.9179185555668808,0.9316114374116905,0.9766896797598192,1.0012312404865504,1.0223306931014284,1.0478648207091594,1.0609766664793114,1.0956657693674163,1.1264118743886582,1.1339377800244204,1.1650869430277644,1.2065049712868037,1.226274757473282,1.2532908063784038,1.270025201750057,1.2567294307158206,1.3057006681485053,1.3103672310412575,1.3500131135958244,1.3696585162996437,1.3834032516829144,1.4136258726890851,1.4455492956445979,1.4531379626321903,1.46580203143846,1.5090664411590764,1.5208915518692774,1.5166034117490519,1.5458571228109859,1.5496958737223796,1.5693179125136199,1.6228665890771656,1.6360849947627225,1.6277433154970429,1.655488414085568,1.6671957661996457,1.7026252913197302,1.7150351198104197,1.7546056263840974,1.7404402345255623,1.77499396118847,1.7689061538323017,1.8102459313533388,1.8248773939080274,1.8427078098626692,1.861575731240499,1.8564570230656294,1.85881184667773,1.9426786260431803,1.9003003120437307,1.8989001117392164,1.921954237165652,1.94561165285768,1.9454400429739125,1.9784535720761434,1.9729551981217415,2.0466730057659612,2.0211540499628184,2.0646096128173936,2.0923447505092905,2.1013294527697264,2.100413094584698,2.0993064252936557,2.084904024852315,2.1520763885107788,2.1343708606108205,2.1757084843932657,2.193619639086275,2.1529612314687223,2.1868707935529175,2.214246673923651,2.2382449068011883,2.2232100199464027,2.2169652940798197,2.2720776032718466,2.3064451486420405,2.2758919301342337,2.307947160992596,2.290206280854072,2.301532653125869,2.344172992189176,2.33526751236297,2.3497292628042517,2.3729572938584336,2.366861699824208,2.3627402528244716,2.417915036565458,2.4161056387573505,2.4201224596805857,2.47239074407864,2.411872001202245,2.453168010966171,2.4493811816153346,2.4449671705519873,2.4605154337431343,2.502775278287101,2.4865284128879375,2.5012476045880714,2.5278538743408348,2.484050051699403,2.556673980893118,2.506671525840184,2.592616218461768,2.567922954642083,2.579604344401812,2.5904809248031717,2.605844024204983,2.6491892312388785,2.6264747047038646,2.6092323963083626,2.611239069109689,2.6364830549435085,2.705276695151358,2.620625039300829,2.652243662980172,2.672618627522863,2.6669301926654763,2.6842496988443436,2.6415168456660862,2.7525311572526516,2.6679058039617187,2.715041297440496,2.7581590249922225,2.678086887422009,2.7122441885160216,2.6948362048729497,2.766060689267579,2.7692447698661,2.7657880387455713,2.794318137097114,2.812004212895723,2.849434596583999,2.8039464324685675,2.8406267942208685,2.8049278758160945,2.7836582854484537,2.8476491990078183,2.8608760347868176,2.8564100386421587,2.8215052205274196,2.8627577831373694,2.883050704734708,2.894341172079407,2.8642870195610293,2.8919528566008945,2.9161828267850622,2.960086721946333,2.920618094869766,2.953588565536504,2.9792608188181173,2.920855232220886,2.9913816119544325,2.9879264972482726,2.989627123324118,2.974956549223865,3.00408169823533,2.9805772133671415,2.996872124885162,2.9468359267259547,2.9905728114099386,3.0036279866601334,3.004363895577365,3.0355494888833627,3.0110498440412314,3.0428087011625014,3.046640552668067,3.083572513914299,3.0658738919494777,3.0464854153609893,3.0817971575669683,3.0967885096983965,3.072691621646871,2.9802620840183187,3.0565030073142405,3.0631856259564194,3.10915243698856,3.106904904514889,3.126201054076747,3.086001169690403,3.118452780860715,3.115449461441833,3.1307003119686514,3.090260005266696,3.172325042100126,3.1126139305389,3.205620505910285,3.182778624267186,3.2025162227306008,3.1739344820854023,3.133796717319926,3.1928565799818616,3.1548381488779893,3.200726357167583,3.176979289898153,3.1806904839028003,3.2066754360194554,3.173174026656537,3.224541185626483,3.1737168036024603,3.2248886411470865,3.2158725320217068,3.2322967051731157,3.2213243330614922,3.244656096783713,3.2255034977444557,3.2441544633756703,3.2146551694814796,3.2293234776114104,3.3296718152682234,3.2741686276977346,3.2845998777194017,3.295582267790116,3.2847380339628125,3.2533004114506623,3.374357610737556,3.287861646786659,3.247037812168976,3.331622221743517,3.2977319911919127,3.332519061309578,3.300014867118541,3.285381444487086]}