{"x":[0,1,2,3,4,5,6,7,8,9,10,11,12,13,14,15,16,17,18,19,20,21,22,23,24,25,26,27,28,29,30,31,32,33,34,35,36,37,38,39,40,41,42,43,44,45,46,47,48,49,50,51,52,53,54,55,56,57,58,59,60,61,62,63,64,65,66,67,68,69,70,71,72,73,74,75,76,77,78,79,80,81,82,83,84,85,86,87,88,89,90,91,92,93,94,95,96,97,98,99],"y":[0,3.3633487327464815,4.02332541794347,4.3278383618009,4.449498817068043,4.5387019556175074,4.543201761970878,4.615449714413216,4.785095038981637,4.651408374897513,4.690717920173527,4.7670710145968975,4.8897200159034595,4.786918983987027,4.777723873976978,4.8700046955280145,4.738058250713439,4.841034354761055,4.783045031641696,4.869999797371537,4.850770317626625,4.910272922632465,4.898124845374202,4.854483066907804,4.902184163183759,4.921061688531249,4.906795210640177,4.966525850278929,4.9514197106824005,4.939658300968216,4.8817366200001535,4.934620049058769,5.000559106982776,4.863155547922115,4.89542868005575,4.9189912017194,4.912178783946756,4.873764004442073,5.002194309906969,4.860233132988052,5.017857276005734,4.931476251442731,4.9202160450676065,4.867548765239575,5.026699270106405,4.934760390773207,4.989320755757997,4.891922070843149,4.906827496814689,5.003494556443652,4.9852321376795095,4.9535602526586135,4.884029321376756,5.001041809992515,4.93941939618359,4.969544668906628,5.009740725680002,4.933175849796709,5.003483541499265,4.892293241385997,4.995788867931224,4.93244881780107,4.982081266531333,4.926046312851759,4.987444377651278,4.941145433095573,5.010703242133737,4.991343461933113,4.948861319731048,4.84324896439763,4.946314690203348,4.971825583484643,4.969360915891173,4.9677255371801605,4.981658014915027,5.056723351363305,5.008989053720036,4.912615676669265,4.958171044002443,5.052275583045561,4.931712123955417,4.8928397249139,4.987594230825932,4.973160809803963,4.9832798280976,4.987589158382536,4.952139557770717,5.048900352124871,4.951056952747925,5.048540793075654,4.945805654407021,4.903387770201131,4.984915104703698,4.950319849398268,4.965180772083407,4.85382534425507,4.892873783185064,5.003782763008511,4.985388338079105,4.984620058039337]}