
{"x":[0,0.01,0.02,0.03,0.04,0.05,0.06,0.07,0.08,0.09,0.1,0.11,0.12,0.13,0.14,0.15,0.16,0.17,0.18,0.19,0.2,0.21,0.22,0.23,0.24,0.25,0.26,0.27,0.28,0.29,0.3,0.31,0.32,0.33,0.34,0.35,0.36,0.37,0.38,0.39,0.4,0.41,0.42,0.43,0.44,0.45,0.46,0.47,0.48,0.49,0.5,0.51,0.52,0.53,0.54,0.55,0.56,0.57,0.58,0.59,0.6,0.61,0.62,0.63,0.64,0.65,0.66,0.67,0.68,0.69,0.7,0.71,0.72,0.73,0.74,0.75,0.76,0.77,0.78,0.79,0.8,0.81,0.82,0.83,0.84,0.85,0.86,0.87,0.88,0.89,0.9,0.91,0.92,0.93,0.94,0.95,0.96,0.97,0.98,0.99],"y":[0,0.0971493816101551,0.19207862422321037,0.2809106307866136,0.37112902310063134,0.455199488652674,0.534820207654693,0.6203323361512426,0.7054879248994999,0.7632617489594373,0.8372969150796883,0.9009380537034666,0.962299550706236,1.0364229784192263,1.1037108790529104,1.1446553161035118,1.2061041445838876,1.2637175057706649,1.337824680984233,1.3800852509449573,1.411006444929625,1.4869176633097838,1.5695979826311244,1.5738437565402263,1.63674065516426,1.6982083258359757,1.7117668888616886,1.7397447589187807,1.7847279584573554,1.8379577853715225,1.857157623381536,1.9023808869532672,1.930516147390795,2.0044473413754713,2.046984705570348,2.0408430153091945,2.0747192697205796,2.119492155546388,2.192991194613762,2.20030505722644,2.2062283543038754,2.2763164430291494,2.2818793243304127,2.2976378679644824,2.3723983795373296,2.350566507884344,2.4006026283101916,2.416223406374924,2.475644588521026,2.42624145439079,2.4320371536824013,2.529919194190135,2.5503270932515107,2.597446514603062,2.585752854861018,2.59126408224742,2.6588847333308916,2.6599791512341633,2.653078656372791,2.704184092120071,2.7557730415452224,2.7810123347671216,2.769393912929158,2.776391524400523,2.8250712961541926,2.836567402350324,2.8532489631609974,2.8933139222225632,2.8707082110623308,2.8681510341565817,2.912676860523358,2.957521769289869,2.922998922173156,2.958488906907844,2.951321320764704,3.0275353702446988,3.036213351132566,3.0150575495566025,3.1277496841815133,3.0085645374123797,3.071890741796322,3.0716520685139344,3.0628508043067355,3.1071399887993576,3.0923857845188554,3.158693763926178,3.1908101433853897,3.1574134975086006,3.1820033976181485,3.1912055099999184,3.2027967820573995,3.2502315772568027,3.1595315279383196,3.218955521383743,3.2372953592950924,3.2280549044988405,3.245466519442196,3.3297528034366657,3.3241060917278147,3.299899083816327]}
