{"x":[0,0.01,0.02,0.03,0.04,0.05,0.06,0.07,0.08,0.09,0.1,0.11,0.12,0.13,0.14,0.15,0.16,0.17,0.18,0.19,0.2,0.21,0.22,0.23,0.24,0.25,0.26,0.27,0.28,0.29,0.3,0.31,0.32,0.33,0.34,0.35,0.36,0.37,0.38,0.39,0.4,0.41,0.42,0.43,0.44,0.45,0.46,0.47,0.48,0.49,0.5,0.51,0.52,0.53,0.54,0.55,0.56,0.57,0.58,0.59,0.6,0.61,0.62,0.63,0.64,0.65,0.66,0.67,0.68,0.69,0.7,0.71,0.72,0.73,0.74,0.75,0.76,0.77,0.78,0.79,0.8,0.81,0.82,0.83,0.84,0.85,0.86,0.87,0.88,0.89,0.9,0.91,0.92,0.93,0.94,0.95,0.96,0.97,0.98,0.99],"y":[0,0.09832657140637578,0.19143209520839358,0.27685334081289475,0.3729073731072502,0.4534565440608156,0.5353975784872633,0.6138593420805769,0.6889556565106058,0.7570781044675666,0.8270771160261778,0.8960057030024041,0.974419747562448,1.0385834355341608,1.0972289553557257,1.137791943677581,1.1926233820994474,1.2609819808966884,1.3292836041168852,1.3966714250955785,1.4130956878425935,1.4656647556165934,1.4986358916021758,1.5721478371101154,1.622039681837011,1.662124320060008,1.7146078305260124,1.7268884936677555,1.7726063426280398,1.8600194101516452,1.8722957599112577,1.9071313529154805,1.9753403617699907,1.985719339776563,2.0248970151427326,2.091920643303889,2.1388514665774356,2.1403828345253113,2.1645802878696285,2.1916415294468896,2.2613408996018434,2.2918575525622797,2.333237865016227,2.277448098125162,2.346000306714572,2.3536853926335835,2.3991144916151628,2.4276224098923067,2.447204729223874,2.4855809443996315,2.4917642647658167,2.550483846851583,2.531636354894085,2.5664675381608113,2.608912645983924,2.5883420451566574,2.66382161037539,2.660147445452669,2.6798564252324457,2.6540870463377066,2.7719962784764522,2.707973356361467,2.7642824651531446,2.8075410058539245,2.800401704464027,2.827381297330385,2.8656580399102,2.863730221913588,2.92647467227914,2.930822301068312,2.9277354213343765,2.9310033471046664,2.9749617296206403,2.956150859334586,2.9718298153452074,3.0053883335506155,3.034967105207977,3.010229647579335,3.015999019028225,3.0783195119837963,3.1204165160963377,3.068210603240278,3.079313268487943,3.097375357290264,3.15668419395069,3.126629437709259,3.1448943980565636,3.1775591402394925,3.2121145602646686,3.2202099931162116,3.208355912343181,3.154097812427642,3.2473325457200657,3.29952859873232,3.252242888821392,3.332113230641441,3.2418750975651154,3.2719014998091285,3.263178191260071,3.325297419515464]}