{"x":[0,0.5,1,1.5,2,2.5,3,3.5,4,4.5,5,5.5,6,6.5,7,7.5,8,8.5,9,9.5,10,10.5,11,11.5,12],"y":[0,2.4370338399182545,3.3169402596004,3.7333362244231894,4.057881281089255,4.098751277812527,4.32011230879058,4.4218498264986525,4.444897521422507,4.485417401004461,4.513408574596174,4.566771732287039,4.613297003796385,4.664697235631799,4.5962735847254335,4.674406623840287,4.656910116756991,4.7513787651832216,4.83208881135758,4.860237033035128,4.778438670700464,4.763049597243513,4.736677476579116,4.693992202735601,4.822025529853961]}