{"x":[0,1,2,3,4,5,6,7,8,9,10,11,12,13,14,15,16,17,18,19,20,21,22,23,24,25,26,27,28,29,30,31,32,33,34,35,36,37,38,39,40,41,42,43,44,45,46,47,48,49,50,51,52,53,54,55,56,57,58,59,60,61,62,63,64,65,66,67,68,69,70,71,72,73,74,75,76,77,78,79,80,81,82,83,84,85,86,87,88,89,90,91,92,93,94,95,96,97,98,99],"y":[0,3.2867250620563095,4.007036433689338,4.241731478305782,4.538417614975616,4.5281192974773266,4.644398310284571,4.688250960432399,4.700962357197061,4.728800030571749,4.798162680014858,4.713710522314273,4.887172323665624,4.807013109437888,4.72349060323952,4.764615832789552,4.793191496964154,4.898437974768657,4.884309500455627,4.870158349291978,4.764327126440338,4.832882540076482,4.799638078917461,4.880330167970425,4.877442545939961,4.898788485140675,4.866310104036427,4.9535870282408565,4.954314254864539,4.898639167312269,4.951781126261787,4.899768775337823,4.940198300854257,4.910592998307114,4.932760163288914,4.997851604680967,4.9307646376506264,5.006130790744909,4.97346374975862,4.92473440080852,4.924550898064397,4.987232491155318,4.901196673626138,4.979491308325102,4.833755330387406,4.982344177040323,4.993942823142928,4.986086877638395,4.963212042985876,4.922119318186531,4.934181773558442,4.972715238774859,4.931022999138958,4.956859910845128,4.927798600480133,4.972881249793022,5.000912014172352,4.97906582568571,4.907436050051222,4.945924373351417,4.830999742580144,4.94895019472744,4.851567733061537,4.9551887904228415,4.901644389311271,4.993635263828582,5.0170583201696495,4.934333421319661,4.943799181985115,5.042714573001353,4.97129726557965,5.023584712220466,5.001589748448953,5.012520090472161,4.8508182505422734,5.034652228129328,4.948975933006743,5.063381692777452,4.958917989177474,4.962647704001086,4.908399234485103,4.896219709473523,4.937184752955069,4.987090604608671,4.9727355600298955,4.893954891444108,5.016072290157115,5.009310618891546,4.956830482670174,5.007257275545239,4.953563382598951,4.967063079671429,4.922175087127469,4.980314809288752,4.943453388123277,4.9323361044954055,4.9087821505625575,4.9454590430731775,4.838269593836348,5.060198162697625]}