{"x":[0,0.004,0.008,0.012,0.016,0.02,0.024,0.028,0.032,0.036,0.04,0.044,0.048,0.052,0.056,0.06,0.064,0.068,0.072,0.076,0.08,0.084,0.088,0.092,0.096,0.1,0.104,0.108,0.112,0.116,0.12,0.124,0.128,0.132,0.136,0.14,0.144,0.148,0.152,0.156,0.16,0.164,0.168,0.172,0.176,0.18,0.184,0.188,0.192,0.196,0.2,0.204,0.208,0.212,0.216,0.22,0.224,0.228,0.232,0.236,0.24,0.244,0.248,0.252,0.256,0.26,0.264,0.268,0.272,0.276,0.28,0.284,0.288,0.292,0.296,0.3,0.304,0.308,0.312,0.316,0.32,0.324,0.328,0.332,0.336,0.34,0.344,0.348,0.352,0.356,0.36,0.364,0.368,0.372,0.376,0.38,0.384,0.388,0.392,0.396,0.4,0.404,0.408,0.412,0.416,0.42,0.424,0.428,0.432,0.436,0.44,0.444,0.448,0.452,0.456,0.46,0.464,0.468,0.472,0.476,0.48,0.484,0.488,0.492,0.496,0.5,0.504,0.508,0.512,0.516,0.52,0.524,0.528,0.532,0.536,0.54,0.544,0.548,0.552,0.556,0.56,0.564,0.568,0.572,0.576,0.58,0.584,0.588,0.592,0.596,0.6,0.604,0.608,0.612,0.616,0.62,0.624,0.628,0.632,0.636,0.64,0.644,0.648,0.652,0.656,0.66,0.664,0.668,0.672,0.676,0.68,0.684,0.688,0.692,0.696,0.7,0.704,0.708,0.712,0.716,0.72,0.724,0.728,0.732,0.736,0.74,0.744,0.748,0.752,0.756,0.76,0.764,0.768,0.772,0.776,0.78,0.784,0.788,0.792,0.796,0.8,0.804,0.808,0.812,0.816,0.82,0.824,0.828,0.832,0.836,0.84,0.844,0.848,0.852,0.856,0.86,0.864,0.868,0.872,0.876,0.88,0.884,0.888,0.892,0.896,0.9,0.904,0.908,0.912,0.916,0.92,0.924,0.928,0.932,0.936,0.94,0.944,0.948,0.952,0.956,0.96,0.964,0.968,0.972,0.976,0.98,0.984,0.988,0.992,0.996],"y":[0,0.039682543035045904,0.0787401563917808,0.11718750050646978,0.1550387196409131,0.19230765864462818,0.22900764416482616,0.2651515053725757,0.3007518826225061,0.33582092469856367,0.37037037715184773,0.4044117726636199,0.4379562778401109,0.47101444211955956,0.5035971394524199,0.5357142136891385,0.5673759701540219,0.5985914911061462,0.6293706091067036,0.6597222203956512,0.6896551612205937,0.7191780660986639,0.7482993842236254,0.7770270092728532,0.8053691437915158,0.8333334423779615,0.8609269622620515,0.8881580341370375,0.915032623676207,0.9415584981587185,0.967742110011814,0.9935897544990632,1.0191082049174287,1.0443038884079567,1.0691823720651956,1.093749835961233,1.118012428495201,1.1419753735046259,1.1656442828188731,1.1890243485528702,1.2121211160165761,1.2349397799278785,1.2574848761886745,1.2797618497320786,1.3017749711936177,1.3235295642703484,1.3450290454126275,1.3662789334284806,1.3872836219459181,1.4080458518142887,1.4285714290536082,1.4488635799991338,1.4689268883239983,1.4887640287406536,1.5083800332844806,1.527777738897582,1.5469613475777435,1.5659342070779103,1.5846994827111398,1.603260816413822,1.6216217483870614,1.6397850142362482,1.657753771050451,1.6755318466251077,1.693121588696116,1.7105261117142925,1.7277481838356292,1.744791612282532,1.7616577973375034,1.778350484382291,1.7948717728905712,1.8112244625991456,1.82741122069157,1.843434675358787,1.8592962719203994,1.8749999399835102,1.8905470041918842,1.905940542476341,1.9211820651672171,1.936274596975123,1.9512194507466496,1.9660192500032792,1.9806764032101127,1.9951920035600015,2.0095692087859645,2.0238094865629885,2.0379147144093452,2.051886565619762,2.065727871139491,2.07943914616467,2.093023091673969,2.106481202232434,2.119815789309515,2.1330273746936466,2.146118243455654,2.159090909702306,2.171945874286762,2.184684700596878,2.197309222702675,2.2098214183305616,2.2222221578861614,2.2345130971973726,2.246695951716372,2.2587718744824286,2.2707420597140633,2.2826086377206085,2.2943721778441226,2.306034644710693,2.31759640139218,2.329059587401928,2.340425017370593,2.351694838255984,2.362869430687119,2.3739495011453906,2.3849372032003657,2.3958338012607436,2.4066388402184478,2.417355823125614,2.427983352001182,2.438524430808466,2.448979208346911,2.4593499578917744,2.4696355434090607,2.4798388103094458,2.4899595677717414,2.500000447011929,2.5099602420315654,2.5198413375659534,2.529644218638143,2.539370226240621,2.5490199816890624,2.5585937842981186,2.5680937586690895,2.577519348339062,2.5868728371141794,2.5961541533484542,2.6053638852837273,2.6145036623020355,2.6235741480478922,2.6325758509832706,2.641509197287588,2.650375837774343,2.659175839097225,2.667910678514635,2.676579867739536,2.685185050255206,2.693727115970747,2.7022054697425397,2.7106225921006946,2.718978202080172,2.727272655138495,2.735506549847008,2.7436820147871623,2.7517986610684098,2.7598563402635663,2.7678573483250184,2.7758007059179994,2.7836877635401187,2.7915191886145285,2.7992956352831966,2.8070180938736353,2.8146850247310544,2.8222994702834656,2.8298613158500387,2.8373703293348895,2.8448274439099754,2.8522340385532483,2.8595894043005274,2.866893824894417,2.8741494265172776,2.881355930266365,2.8885140994677716,2.895622804597638,2.9026846080699227,2.9096997440605255,2.916666671112415,2.9235881949202414,2.9304635157328067,2.9372936792081377,2.9440785751798026,2.9508195896820517,2.957515864103504,2.9641692182342307,2.9707791574538094,2.9773459702510943,2.983871033797175,2.9903538270990975,2.996794650908188,3.0031949227741013,3.0095544783225705,3.0158731115780064,3.0221516853784847,3.0283913295804212,3.03459092093336,3.0407524295528945,3.0468745717682344,3.052959111771609,3.059006309868582,3.0650156346439505,3.070987882071376,3.0769235460077398,3.082821944391912,3.08868466191876,3.094511625899838,3.100304237983694,3.1060598299532427,3.1117822446512173,3.117470242552312,3.1231233194137293,3.1287426041146325,3.1343281995455183,3.1398811441236014,3.1454006605850666,3.15088773131806,3.156341877548682,3.161765146022749,3.1671549653751363,3.17251427065003,3.1778422301146203,3.1831397371994683,3.188405881751278,3.193641686970874,3.1988473419590617,3.2040228564688893,3.209168757463051,3.2142860840162344,3.21937384509155,3.2244324621860585,3.2294614983851093,3.2344634160565415,3.2394366695114427,3.2443826763909573,3.249299904122493,3.2541903063544524,3.2590525516811537,3.263888282262225,3.268697593059412,3.273480843939764,3.278237078173784,3.282966668814388,3.2876709323295263,3.2923496744011227,3.297003269426305,3.301629881749066,3.3062327347033365,3.3108104751578513,3.315364145566451,3.3198920303222814,3.324396915763306,3.328876852944344]}