{"x":[0,0.004,0.008,0.012,0.016,0.02,0.024,0.028,0.032,0.036,0.04,0.044,0.048,0.052,0.056,0.06,0.064,0.068,0.072,0.076,0.08,0.084,0.088,0.092,0.096,0.1,0.104,0.108,0.112,0.116,0.12,0.124,0.128,0.132,0.136,0.14,0.144,0.148,0.152,0.156,0.16,0.164,0.168,0.172,0.176,0.18,0.184,0.188,0.192,0.196,0.2,0.204,0.208,0.212,0.216,0.22,0.224,0.228,0.232,0.236,0.24,0.244,0.248,0.252,0.256,0.26,0.264,0.268,0.272,0.276,0.28,0.284,0.288,0.292,0.296,0.3,0.304,0.308,0.312,0.316,0.32,0.324,0.328,0.332,0.336,0.34,0.344,0.348,0.352,0.356,0.36,0.364,0.368,0.372,0.376,0.38,0.384,0.388,0.392,0.396,0.4,0.404,0.408,0.412,0.416,0.42,0.424,0.428,0.432,0.436,0.44,0.444,0.448,0.452,0.456,0.46,0.464,0.468,0.472,0.476,0.48,0.484,0.488,0.492,0.496,0.5,0.504,0.508,0.512,0.516,0.52,0.524,0.528,0.532,0.536,0.54,0.544,0.548,0.552,0.556,0.56,0.564,0.568,0.572,0.576,0.58,0.584,0.588,0.592,0.596,0.6,0.604,0.608,0.612,0.616,0.62,0.624,0.628,0.632,0.636,0.64,0.644,0.648,0.652,0.656,0.66,0.664,0.668,0.672,0.676,0.68,0.684,0.688,0.692,0.696,0.7,0.704,0.708,0.712,0.716,0.72,0.724,0.728,0.732,0.736,0.74,0.744,0.748,0.752,0.756,0.76,0.764,0.768,0.772,0.776,0.78,0.784,0.788,0.792,0.796,0.8,0.804,0.808,0.812,0.816,0.82,0.824,0.828,0.832,0.836,0.84,0.844,0.848,0.852,0.856,0.86,0.864,0.868,0.872,0.876,0.88,0.884,0.888,0.892,0.896,0.9,0.904,0.908,0.912,0.916,0.92,0.924,0.928,0.932,0.936,0.94,0.944,0.948,0.952,0.956,0.96,0.964,0.968,0.972,0.976,0.98,0.984,0.988,0.992,0.996],"y":[0,0.00016038392766782399,0.00032075755126533754,0.0004811208717855061,0.0006414738902211673,0.0008018166075650315,0.0009621490248096814,0.0011224711429475716,0.0012827829629710305,0.0014430844858722577,0.0016033757126433267,0.0017636566442761816,0.0019239272817626414,0.0020841876260943954,0.0022444376782630076,0.0024046774392599136,0.002564906910076422,0.002725126091703713,0.00288533498513284,0.0030455335913547317,0.003205721911360186,0.003365899946139875,0.0035260676966843425,0.0036862251639840082,0.0038463723490291617,0.004006509252809965,0.004166635876316455,0.004326752220538543,0.004486858286466009,0.0046469540750885075,0.004807039587395565,0.004967114824376587,0.0051271797870208425,0.005287234476317481,0.005447278893255522,0.005607313038823857,0.005767336914011253,0.0059273505198063495,0.0060873538571976585,0.006247346927173566,0.006407329730722329,0.0065673022688320795,0.006727264542490823,0.0068872165526864355,0.007047158300406671,0.007207089786639154,0.007367011012371381,0.007526921978590724,0.007686822686284426,0.007846713136439606,0.008006593330043254,0.008166463268082236,0.00832632295154329,0.008486172381413026,0.00864601155867793,0.00880584048432436,0.008965659159338548,0.009125467584706599,0.00928526576141449,0.009445053690448074,0.009604831372793077,0.009764598809435102,0.009924356001359616,0.010084102949551971,0.010243839654997384,0.01040356611868095,0.010563282341587635,0.010722988324702283,0.010882684069009609,0.011042369575494199,0.011202044845140518,0.0113617098789329,0.011521364677855557,0.011681009242892575,0.011840643575027909,0.012000267675245391,0.012159881544528725,0.012319485183861495,0.01247907859422715,0.01263866177660902,0.012798234731990306,0.01295779746135408,0.013117349965683296,0.013276892245960778,0.013436424303169218,0.013595946138291189,0.013755457752309136,0.013914959146205384,0.01407445032096212,0.014233931277561417,0.014393402016985215,0.01455286254021533,0.014712312848233452,0.014871752942021145,0.015031182822559852,0.015190602490830884,0.015350011947815427,0.015509411194494543,0.015668800231849172,0.01582817906086012,0.015987547682508072,0.01614690609777359,0.016306254307637102,0.016465592313078925,0.016624920115079236,0.016784237714618094,0.01694354511267543,0.01710284231023105,0.017262129308264627,0.01742140610775573,0.01758067270968378,0.017739929115028082,0.017899175324767817,0.018058411339882036,0.01821763716134967,0.018376852790149518,0.01853605822726026,0.01869525347366045,0.01885443853032851,0.019013613398242746,0.01917277807838133,0.019331932571722322,0.01949107687924364,0.019650211001923087,0.019809334940738336,0.019968448696666946,0.020127552270686334,0.0202866456637738,0.020445728876906526,0.020604801911061562,0.020763864767215826,0.020922917446346122,0.021081959949429126,0.021240992277441393,0.021400014431359336,0.021559026412159267,0.021718028220817358,0.021877019858309657,0.022036001325612092,0.022194972623700467,0.02235393375355045,0.02251288471613759,0.022671825512437332,0.02283075614342496,0.022989676610075657,0.023148586913364477,0.023307487054266347,0.023466377033756064,0.02362525685280831,0.023784126512397644,0.02394298601349849,0.024101835357085145,0.0242606745441318,0.024419503575612508,0.024578322452501196,0.02473713117577167,0.024895929746397615,0.025054718165352582,0.02521349643361001,0.025372264552143205,0.02553102252192535,0.025689770343929504,0.0258485080191286,0.026007235548495454,0.026165952933002747,0.026324660173623043,0.026483357271328778,0.026642044227092265,0.0268007210418857,0.026959387716681132,0.02711804425245052,0.027276690650165667,0.027435326910798266,0.027593953035319894,0.02775256902470199,0.02791117487991587,0.028069770601932734,0.02822835619172365,0.028386931650259566,0.028545496978511303,0.02870405217744957,0.028862597248044932,0.029021132191267843,0.02917965700808863,0.0293381716994775,0.029496676266404526,0.029655170709839664,0.029813655030752756,0.029972129230113498,0.030130593308891476,0.03028904726805615,0.030447491108576863,0.03060592483142282,0.030764348437563115,0.030922761927966703,0.031081165303602432,0.031239558565439023,0.03139794171444506,0.03155631475158902,0.03171467767783925,0.03187303049416396,0.03203137320153127,0.032189705800909144,0.03234802829326543,0.03250634067956786,0.032664642960784036,0.03282293513788146,0.03298121721182746,0.03313948918358928,0.03329775105413404,0.03345600282442872,0.03361424449544018,0.033772476068135174,0.033930697543480305,0.034088908922442075,0.03424711020598685,0.03440530139508088,0.03456348249069029,0.03472165349378107,0.03487981440531911,0.03503796522627016,0.03519610595759985,0.035354236600273696,0.03551235715525706,0.03567046762351522,0.03582856800601333,0.03598665830371636,0.036144738517589245,0.03630280864859674,0.03646086869770348,0.03661891866587399,0.03677695855407269,0.03693498836326383,0.037093008094411586,0.03725101774847997,0.0374090173264329,0.03756700682923415,0.0377249862578474,0.03788295561323618,0.0380409148963639,0.03819886410819386,0.038356803249689236,0.038514732321813065,0.038672651325528266,0.03883056026179767,0.03898845913158392,0.039146347935849604,0.03930422667555713,0.03946209535166883,0.03961995396514688]}