{"x":[0,0.01,0.02,0.03,0.04,0.05,0.06,0.07,0.08,0.09,0.1,0.11,0.12,0.13,0.14,0.15,0.16,0.17,0.18,0.19,0.2,0.21,0.22,0.23,0.24,0.25,0.26,0.27,0.28,0.29,0.3,0.31,0.32,0.33,0.34,0.35,0.36,0.37,0.38,0.39,0.4,0.41,0.42,0.43,0.44,0.45,0.46,0.47,0.48,0.49,0.5,0.51,0.52,0.53,0.54,0.55,0.56,0.57,0.58,0.59,0.6,0.61,0.62,0.63,0.64,0.65,0.66,0.67,0.68,0.69,0.7,0.71,0.72,0.73,0.74,0.75,0.76,0.77,0.78,0.79,0.8,0.81,0.82,0.83,0.84,0.85,0.86,0.87,0.88,0.89,0.9,0.91,0.92,0.93,0.94,0.95,0.96,0.97,0.98,0.99],"y":[0,0.09756414010001324,0.19254516576423594,0.283246179269652,0.36825051072242165,0.4488373620038409,0.5300634207811086,0.6236625789762776,0.705440043499413,0.7645590267120739,0.8363759097513975,0.8959185021165124,0.9683464111542085,1.0309944961760105,1.1001872908256218,1.1489513181153936,1.206914069274856,1.2779306382196491,1.3389917413021608,1.3681233964173813,1.4425243809420427,1.5163072473130983,1.5224286954297095,1.5697119368137,1.6428646305490928,1.6587022261338373,1.7263854963035978,1.7582174315706987,1.7986112746126273,1.844298315596639,1.8707282383920214,1.9424041739510023,1.973172857238598,1.9549124438330037,2.023364398042826,2.0640493361315633,2.0690764709751943,2.1381728889447533,2.1319304696074353,2.1888087852757843,2.212774191064262,2.25959987085038,2.346842490852648,2.2937955762218505,2.3373802528237353,2.3690523689240104,2.425590745568417,2.3876005704664793,2.4591188219501556,2.4780780347057307,2.4880169123631246,2.5091098049852074,2.563376303710806,2.561726335821407,2.6375090380710144,2.5791420836072567,2.6420010140410137,2.6088771452773916,2.654614135646382,2.6999098104970187,2.7525213790488623,2.7617687250291976,2.7272158534022606,2.777078531345637,2.7846952987622884,2.785406937382792,2.876909379560762,2.8542505549665576,2.88457383734146,2.8471891194034193,2.8939228027079222,2.9256460641079194,2.920666925372417,2.983262154024161,2.9999411295342515,3.005416199857764,3.0263261263855155,3.0552644831355127,3.0254031595901467,3.072806899022145,3.012436551789276,3.1105320677508788,3.111176499957965,3.084423902231298,3.132026013789335,3.103984117367039,3.199934110433258,3.1220026808358914,3.2202213350394366,3.1733494796855037,3.206371160837685,3.191819323266872,3.311083764989194,3.2312438379737634,3.2641511274054076,3.2948512307305666,3.2858852067173023,3.3377635456990227,3.3188775611449635,3.405390774593228]}