{"x":[0,0.004,0.008,0.012,0.016,0.02,0.024,0.028,0.032,0.036,0.04,0.044,0.048,0.052,0.056,0.06,0.064,0.068,0.072,0.076,0.08,0.084,0.088,0.092,0.096,0.1,0.104,0.108,0.112,0.116,0.12,0.124,0.128,0.132,0.136,0.14,0.144,0.148,0.152,0.156,0.16,0.164,0.168,0.172,0.176,0.18,0.184,0.188,0.192,0.196,0.2,0.204,0.208,0.212,0.216,0.22,0.224,0.228,0.232,0.236,0.24,0.244,0.248,0.252,0.256,0.26,0.264,0.268,0.272,0.276,0.28,0.284,0.288,0.292,0.296,0.3,0.304,0.308,0.312,0.316,0.32,0.324,0.328,0.332,0.336,0.34,0.344,0.348,0.352,0.356,0.36,0.364,0.368,0.372,0.376,0.38,0.384,0.388,0.392,0.396,0.4,0.404,0.408,0.412,0.416,0.42,0.424,0.428,0.432,0.436,0.44,0.444,0.448,0.452,0.456,0.46,0.464,0.468,0.472,0.476,0.48,0.484,0.488,0.492,0.496,0.5,0.504,0.508,0.512,0.516,0.52,0.524,0.528,0.532,0.536,0.54,0.544,0.548,0.552,0.556,0.56,0.564,0.568,0.572,0.576,0.58,0.584,0.588,0.592,0.596,0.6,0.604,0.608,0.612,0.616,0.62,0.624,0.628,0.632,0.636,0.64,0.644,0.648,0.652,0.656,0.66,0.664,0.668,0.672,0.676,0.68,0.684,0.688,0.692,0.696,0.7,0.704,0.708,0.712,0.716,0.72,0.724,0.728,0.732,0.736,0.74,0.744,0.748,0.752,0.756,0.76,0.764,0.768,0.772,0.776,0.78,0.784,0.788,0.792,0.796,0.8,0.804,0.808,0.812,0.816,0.82,0.824,0.828,0.832,0.836,0.84,0.844,0.848,0.852,0.856,0.86,0.864,0.868,0.872,0.876,0.88,0.884,0.888,0.892,0.896,0.9,0.904,0.908,0.912,0.916,0.92,0.924,0.928,0.932,0.936,0.94,0.944,0.948,0.952,0.956,0.96,0.964,0.968,0.972,0.976,0.98,0.984,0.988,0.992,0.996],"y":[0,0.03948055997699226,0.07885933881142458,0.11814754762967884,0.1539365982592042,0.19217622769713036,0.22858127899922137,0.2666789311524419,0.2973908820620764,0.33610755027080536,0.373187436545654,0.40603737936143897,0.44114694314747516,0.4683108777111952,0.502556030118838,0.534837441579258,0.5706662615379123,0.589614685237521,0.628798519033009,0.6587561666939676,0.6881556281673403,0.7174204179750714,0.7502655072315924,0.7782704986375174,0.8073928203660475,0.8235446930673013,0.875754826496055,0.8948611301006699,0.9131759732168477,0.9406954601707986,0.9626511658938176,1.0020509767892516,1.0073616327278736,1.0559430484425505,1.083513803589582,1.0924760975363492,1.09839610921648,1.128309015209172,1.155015491265065,1.2164580852517648,1.215892021965963,1.2604016087822774,1.2497076222329524,1.2408214571436007,1.2830959447894534,1.300721533036381,1.333650503061577,1.3616111268051665,1.3678882908799619,1.382388756776174,1.4269762048943595,1.4482038163534314,1.4618624150757966,1.503672503331169,1.4842711956055996,1.539345514963934,1.5333447435946326,1.5826911132801227,1.6090622683957954,1.6081768783340484,1.632837407979663,1.622520263424615,1.6494712677834564,1.6684077222401779,1.704954930255873,1.7377691132941364,1.7064328803756743,1.7474217431911883,1.760837777974974,1.7821982080183991,1.8127577773217134,1.821846022812055,1.8245505283735775,1.8694796691969124,1.8518139422561448,1.8841811372063875,1.9093245927109872,1.9284237934617532,1.9507176411901945,1.9445992352006416,1.949767542050449,1.9675946103926958,1.9676118767360131,1.9563834569281575,1.995061613096968,1.9973983579672916,2.0151214642261626,2.0537023309775124,2.0929706850316347,2.045876426982926,2.0938083954584776,2.1185620631169053,2.1085391721449365,2.157443090797866,2.1570703718749438,2.149637227911033,2.150067881536572,2.1696455176066687,2.2101186057987015,2.1991562102386766,2.1988576454640647,2.259739017742943,2.217531959815821,2.2489181772569307,2.281235390746275,2.280906359336035,2.283078419427351,2.320657712704093,2.3477928871734015,2.2945637349458696,2.320168926729832,2.3491048000492314,2.3900968539642613,2.3624352785982485,2.3859184773365247,2.386408616712675,2.3923870678630186,2.4135277243877016,2.4114131065590567,2.441468975690943,2.4463600245884862,2.4374714092757217,2.4232587003468526,2.484017022437135,2.488906623791688,2.4710472223207915,2.5368969319686845,2.517087714962899,2.4982438130630586,2.5722479698772616,2.5253132461159797,2.553637677375197,2.5940155567482113,2.606229639674655,2.5974366183171913,2.6373499606835424,2.5474421507352285,2.581706850295865,2.608080653267367,2.6632491555450764,2.645494765658333,2.625122434404476,2.6717751358717265,2.658863740962422,2.702914716699825,2.689421358441168,2.7282835607021836,2.6934591476395546,2.7352393162581308,2.671789540532346,2.725112151563891,2.6989774980523307,2.738309503824741,2.7275997100291947,2.7374929901394935,2.7843438848634032,2.7625952744278335,2.7595483597997243,2.7592526949439105,2.8337972094316837,2.838098604474864,2.8475334607483336,2.806848950741584,2.7986112872810964,2.8564997531346132,2.838696358774425,2.8521520688449664,2.8830387527286754,2.8492014753811223,2.842251169065958,2.8841108994524634,2.9235368421601704,2.884025207382828,2.887880736884289,2.9066165804417023,2.914713599221417,2.914320632472342,2.953669024981345,2.941658276229004,2.9522145877595887,2.9544486436959274,2.912996960222926,3.010830199324743,2.9419837069568078,2.9687012211586694,3.0044859070593515,3.0409237036965915,2.983139556187347,2.981114376888129,3.0042829900422388,3.0180376730525103,3.0090640869543894,3.0389961860594035,2.9846855404405073,3.012228203470408,3.0135682413101583,3.06077278379937,3.091262505244123,3.0792859997797115,3.0716679584517075,3.1153077424983984,3.0695487370130223,3.055100440031614,3.0729583104375866,3.0883320334387387,3.1219143259379285,3.0966335795187017,3.105945706327018,3.111468972635815,3.1959373640212307,3.218567686323879,3.1792054322956895,3.1673080862897622,3.1274058572583807,3.163901911122594,3.1678618339744324,3.1032717595641537,3.123025074157126,3.2534893986313094,3.156295661217561,3.2113362000576817,3.2569351986813047,3.2227213851645686,3.221044043144977,3.2231175140078734,3.179689443494353,3.18651994091375,3.1734285892300536,3.176015145284508,3.228569479221215,3.1906860699410577,3.2745194747615116,3.2284394237067686,3.215336476331847,3.2941344001836876,3.282526889939529,3.300415775924304,3.3188619689536454,3.2684935804143334,3.337653664636985,3.319349356461441,3.280287867187203,3.3109926895959285,3.3054690578560972,3.3205731268937178,3.2988258103970134,3.3125641054760755,3.297088564817114,3.33538698329602,3.357001849224743]}