{"x":[0,0.5,1,1.5,2,2.5,3,3.5,4,4.5,5,5.5,6,6.5,7,7.5,8,8.5,9,9.5,10,10.5,11,11.5,12],"y":[0,2.5,3.3333333333333335,3.75,4,4.166666666666667,4.285714285714286,4.375,4.444444444444445,4.5,4.545454545454546,4.583333333333333,4.615384615384615,4.642857142857143,4.666666666666667,4.6875,4.705882352941177,4.722222222222222,4.7368421052631575,4.75,4.761904761904762,4.7727272727272725,4.782608695652174,4.791666666666667,4.8]}