{"x":[0.0171192,0.0586318,0.102329,0.211573,0.303338,0.412581,0.499976,0.60485,0.705355,0.801489,0.901993,0.998128],"y":[25.190995912981272,68.75093920647001,99.30133159480417,145.2430792545122,168.69361458105607,188.48686576119587,200.68604596292684,212.64967829491786,222.219937928925,230.1168477083777,237.37058164243132,243.5497790100591]}