{"x":[0.0171192,0.0586318,0.102329,0.211573,0.303338,0.412581,0.499976,0.60485,0.705355,0.801489,0.901993,0.998128],"y":[25.19845983258398,68.75330001237299,99.29390610559577,145.23031210669072,168.6890197332155,188.4937674442305,200.69924053297507,212.665188395063,222.23203816970482,230.12086561033794,237.36169280854415,243.52488273478178]}