{"x":[0.0171192,0.0586318,0.102329,0.211573,0.303338,0.412581,0.499976,0.60485,0.705355,0.801489,0.901993,0.998128],"y":[25.19243876895317,68.7504223558674,99.29822182495042,145.23956612886732,168.6931984972855,188.49019728934937,200.69121403836476,212.65522162910898,222.22395030869436,230.117808713418,237.36690270723568,243.54048053036684]}