{"x":[0.0171192,0.0586318,0.102329,0.211573,0.303338,0.412581,0.499976,0.60485,0.705355,0.801489,0.901993,0.998128],"y":[20.285496168159998,65.09919489192,91.91883118900002,112.93120723500002,116.83380203,110.29773174900001,99.549699376,83.747370266,65.38353022500002,45.41810310800001,22.834658144999988,0]}