{"x":[0.0171192,0.0586318,0.102329,0.211573,0.303338,0.412581,0.499976,0.60485,0.705355,0.801489,0.901993,0.998128],"y":[22.20571990171388,64.06073479958721,95.88865721644406,146.22028357891787,171.76905630811837,192.27886134205002,204.10783048030953,214.93107193003297,222.96246115801728,229.1431636281544,234.4566498524795,238.70822190226605]}