{"x":[0.0171192,0.0586318,0.102329,0.211573,0.303338,0.412581,0.499976,0.60485,0.705355,0.801489,0.901993,0.998128],"y":[3.1524497411693018,3.0524258231953043,-6.479886061388843,-67.51411376484026,-171.2963463898114,-426.2609098410928,-941.866761704368,-5447.034081242368,3028.4826857739217,1512.6461288158052,1102.42238744671,925.0204419867146]}